BLOCK_NUMBER,BLOCK_TIMESTAMP,TX_HASH,CONTRACT_ADDRESS,EVENT_NAME,EVENT_INDEX,ORIGIN_FUNCTION_SIGNATURE,ORIGIN_FROM_ADDRESS,ORIGIN_TO_ADDRESS,PLATFORM,LIQUIDATOR,BORROWER,PROTOCOL_MARKET,COLLATERAL_TOKEN,COLLATERAL_TOKEN_SYMBOL,AMOUNT_UNADJ,AMOUNT,AMOUNT_USD,DEBT_TOKEN,DEBT_TOKEN_SYMBOL,EZ_LENDING_LIQUIDATIONS_ID,INSERTED_TIMESTAMP,MODIFIED_TIMESTAMP
8747211,2024-01-03 12:09:29.000,0xcdba08cda9e1d3f2182e0b58c2eb517cf039af2102cb5bfbe180a17f2ecd39fd,0xa238dd80c259a72e81d7e4664a9801593f98d1c5,LiquidationCall,143,0x00000000,0x21cc31543020066d59e4b5d4eb51100e47f2820d,0x87c71331f516e7ed346a93f9b1aab9209ea52a16,Aave V3,0x87c71331f516e7ed346a93f9b1aab9209ea52a16,0xb6ef90273e0be2454450a3848e2e3c60ac7886bb,0xd4a0e0b9149bcee3c920d2e00b5de09138fd8bb7,0x4200000000000000000000000000000000000006,WETH,119235093804350300,0.1192350938,282.64,0xd9aaec86b65d86f6a7b5b1b0c42ffa531710b6ca,USDbC,af1394c5acf39c6d47ca0f29e7f1eb29,2025-02-26 23:02:58.153,2025-02-26 23:02:58.153
8747211,2024-01-03 12:09:29.000,0x54df1f01489486faad7b22ff4124b27ced5c7fddfa97ae88364b7d5ef7a486b8,0xa238dd80c259a72e81d7e4664a9801593f98d1c5,LiquidationCall,128,0x00000000,0x525b5127a5d1509dff1cc75233021346b62673d2,0x87c71331f516e7ed346a93f9b1aab9209ea52a16,Aave V3,0x87c71331f516e7ed346a93f9b1aab9209ea52a16,0xab12275f2d91f87b301a4f01c9af4e83b3f45baa,0x89f9680c08e203febb0bff850cc65d075a263c81,0x4200000000000000000000000000000000000006,WETH,134265472150523710,0.1342654722,318.27,0x4200000000000000000000000000000000000006,WETH,f2e01a6970a59b4675b2a24f23eed19f,2025-02-26 23:02:58.153,2025-02-26 23:02:58.153
8759853,2024-01-03 19:10:53.000,0x23fab0b8e5cf33094661c0c1a3a6ef60021db44cbffc97b1a468375332944bab,0xa238dd80c259a72e81d7e4664a9801593f98d1c5,LiquidationCall,15,0x00a718a9,0x594efbe5a71a10a958d812b4c65f3dfa60922a15,0xa238dd80c259a72e81d7e4664a9801593f98d1c5,Aave V3,0x594efbe5a71a10a958d812b4c65f3dfa60922a15,0x1f22e825e463fb7259287f8b08981813b2753d4c,0x278dae6f8543a646924f5b62af2a891536e9e6f2,0x4200000000000000000000000000000000000006,WETH,13100858235415268,0.01310085824,29.06,0xd9aaec86b65d86f6a7b5b1b0c42ffa531710b6ca,USDbC,b67a6c0b47eb0e7cc20e6f4c7d4d8951,2025-02-26 23:02:58.153,2025-02-26 23:02:58.153
8759975,2024-01-03 19:14:57.000,0x8708840f4c9253d4de37f45e83e06070b69df33c6b1d8ed3b6211e48bb6f0f54,0xa238dd80c259a72e81d7e4664a9801593f98d1c5,LiquidationCall,17,0x00a718a9,0x594efbe5a71a10a958d812b4c65f3dfa60922a15,0xa238dd80c259a72e81d7e4664a9801593f98d1c5,Aave V3,0x594efbe5a71a10a958d812b4c65f3dfa60922a15,0x1dae55e5195e84ec52b058c1a8dcf19a8f6e74be,0x89f9680c08e203febb0bff850cc65d075a263c81,0x4200000000000000000000000000000000000006,WETH,5171128479600326,0.00517112848,11.47,0xd9aaec86b65d86f6a7b5b1b0c42ffa531710b6ca,USDbC,8f70d3b513a36178e88ea4db7dfac63d,2025-02-26 23:02:58.153,2025-02-26 23:02:58.153
8759982,2024-01-03 19:15:11.000,0x852b0cd77f8096edfd7934e9cbdfbda09dda67fe9e31b329e53b10a50aea1d02,0xa238dd80c259a72e81d7e4664a9801593f98d1c5,LiquidationCall,21,0x00a718a9,0x594efbe5a71a10a958d812b4c65f3dfa60922a15,0xa238dd80c259a72e81d7e4664a9801593f98d1c5,Aave V3,0x594efbe5a71a10a958d812b4c65f3dfa60922a15,0x7c86fc308b8e1bc6a51794127b7aae2bee200350,0x278dae6f8543a646924f5b62af2a891536e9e6f2,0x4200000000000000000000000000000000000006,WETH,4875651937296769,0.004875651937,10.82,0xd9aaec86b65d86f6a7b5b1b0c42ffa531710b6ca,USDbC,cbeaa529494537e735b06a859fd48fea,2025-02-26 23:02:58.153,2025-02-26 23:02:58.153
8759985,2024-01-03 19:15:17.000,0xd292d06e76c073d663e08e39fd270a4c0fdf7080b8280bcfda33e4133841354f,0xa238dd80c259a72e81d7e4664a9801593f98d1c5,LiquidationCall,13,0x00a718a9,0x594efbe5a71a10a958d812b4c65f3dfa60922a15,0xa238dd80c259a72e81d7e4664a9801593f98d1c5,Aave V3,0x594efbe5a71a10a958d812b4c65f3dfa60922a15,0xca7f43040edb3102acec7893fe8470206cf06dba,0xd4a0e0b9149bcee3c920d2e00b5de09138fd8bb7,0x4200000000000000000000000000000000000006,WETH,4609569598983437,0.004609569599,10.23,0xd9aaec86b65d86f6a7b5b1b0c42ffa531710b6ca,USDbC,0799d77f6e29fb2ccaa5292ce9735820,2025-02-26 23:02:58.153,2025-02-26 23:02:58.153
8759726,2024-01-03 19:06:39.000,0x8e660bc10879b51b3d41f6fe42dde7799ac0e6c2ea122080ef520e295a4a17db,0xa238dd80c259a72e81d7e4664a9801593f98d1c5,LiquidationCall,27,0x00a718a9,0x594efbe5a71a10a958d812b4c65f3dfa60922a15,0xa238dd80c259a72e81d7e4664a9801593f98d1c5,Aave V3,0x594efbe5a71a10a958d812b4c65f3dfa60922a15,0xec8d5d51fd48d32a6b666faae5799c273beab89b,0xd4a0e0b9149bcee3c920d2e00b5de09138fd8bb7,0x4200000000000000000000000000000000000006,WETH,45634602923611590,0.04563460292,101.23,0xd9aaec86b65d86f6a7b5b1b0c42ffa531710b6ca,USDbC,0725f2b3b9946d01dab50b9952a4f1eb,2025-02-26 23:02:58.153,2025-02-26 23:02:58.153
8759754,2024-01-03 19:07:35.000,0xec58664c45c30b1657c447cae690c90dd57bf5ba39248d3f1abcee8444476c5a,0xa238dd80c259a72e81d7e4664a9801593f98d1c5,LiquidationCall,24,0x00a718a9,0x594efbe5a71a10a958d812b4c65f3dfa60922a15,0xa238dd80c259a72e81d7e4664a9801593f98d1c5,Aave V3,0x594efbe5a71a10a958d812b4c65f3dfa60922a15,0x6c80cb87a44b1fccb46d05e57becb8cc720a8539,0x002c619f0390830e14efea5acec6d9c7093da54b,0x4200000000000000000000000000000000000006,WETH,31941033079107250,0.03194103308,70.85,0xd9aaec86b65d86f6a7b5b1b0c42ffa531710b6ca,USDbC,9d5f79dfd4517a5e858095d67829ba03,2025-02-26 23:02:58.153,2025-02-26 23:02:58.153
8759849,2024-01-03 19:10:45.000,0xe42aaaa1fd5f65523903e9a173f716ac3d5fc44c0605cc7272deb159b1c4c254,0xa238dd80c259a72e81d7e4664a9801593f98d1c5,LiquidationCall,13,0x00a718a9,0x594efbe5a71a10a958d812b4c65f3dfa60922a15,0xa238dd80c259a72e81d7e4664a9801593f98d1c5,Aave V3,0x594efbe5a71a10a958d812b4c65f3dfa60922a15,0xba9586eb9978add468a23a89007d85e069590480,0x89f9680c08e203febb0bff850cc65d075a263c81,0x4200000000000000000000000000000000000006,WETH,20811052441304268,0.02081105244,46.17,0xd9aaec86b65d86f6a7b5b1b0c42ffa531710b6ca,USDbC,c290f2cd4047991b374177527aee09ba,2025-02-26 23:02:58.153,2025-02-26 23:02:58.153
8747226,2024-01-03 12:09:59.000,0xf10124a2360ed141da72628601c107f2dca9e9f12c3283884447c2e20edfc43a,0xa238dd80c259a72e81d7e4664a9801593f98d1c5,LiquidationCall,77,0x00000000,0xc4715329d51bf4b533eeb4d9db877841f7e0c982,0x87c71331f516e7ed346a93f9b1aab9209ea52a16,Aave V3,0x87c71331f516e7ed346a93f9b1aab9209ea52a16,0xd527c56dc2ac6a71f04242548039d07006e9103e,0x002c619f0390830e14efea5acec6d9c7093da54b,0x4200000000000000000000000000000000000006,WETH,810588610365882100,0.8105886104,1921.47,0xd9aaec86b65d86f6a7b5b1b0c42ffa531710b6ca,USDbC,f26e73d5c41cfa77ef8e8a07e39644b6,2025-02-26 23:02:58.153,2025-02-26 23:02:58.153
8759747,2024-01-03 19:07:21.000,0x0b5f3fb23ae85305f150a295facd92ac9adcf99c809b802e3beaa53832a7134b,0xa238dd80c259a72e81d7e4664a9801593f98d1c5,LiquidationCall,26,0x00a718a9,0x594efbe5a71a10a958d812b4c65f3dfa60922a15,0xa238dd80c259a72e81d7e4664a9801593f98d1c5,Aave V3,0x594efbe5a71a10a958d812b4c65f3dfa60922a15,0xa9f046024d79cb14d7a5080229364fb1a4002ae6,0x89f9680c08e203febb0bff850cc65d075a263c81,0x4200000000000000000000000000000000000006,WETH,32912929561026596,0.03291292956,73.01,0xd9aaec86b65d86f6a7b5b1b0c42ffa531710b6ca,USDbC,7d805d55783d7e00744065a66874cc8b,2025-02-26 23:02:58.153,2025-02-26 23:02:58.153
9009274,2024-01-09 13:44:55.000,0x958e569fe27e8572563d1542717d87cfc8c79002032142eaafa3c641b67aeede,0xa238dd80c259a72e81d7e4664a9801593f98d1c5,LiquidationCall,14,0x01e229a0,0x32f8c8b40b62a73d514e8be0f58074edba533937,0x5d718a6b1b8545fa922c51b76412bc1fc7038129,Aave V3,0x5d718a6b1b8545fa922c51b76412bc1fc7038129,0xe229a0bde257e74fe85415e7d0d0474e32a64cb9,0x89f9680c08e203febb0bff850cc65d075a263c81,0x4200000000000000000000000000000000000006,WETH,2738049494844068,0.002738049495,6.21,0xd9aaec86b65d86f6a7b5b1b0c42ffa531710b6ca,USDbC,966e025c75592bce644db63ebc86c7d1,2025-02-26 23:02:58.153,2025-02-26 23:02:58.153
9011600,2024-01-09 15:02:27.000,0x813bf3fc19b34f8c563339652d8687e925955ca0f5b442511aedbedd8bb2831e,0xa238dd80c259a72e81d7e4664a9801593f98d1c5,LiquidationCall,14,0x017132a8,0x32f8c8b40b62a73d514e8be0f58074edba533937,0x5d718a6b1b8545fa922c51b76412bc1fc7038129,Aave V3,0x5d718a6b1b8545fa922c51b76412bc1fc7038129,0x7132a8f29ef740a24c871bf46ca1d2317624aedd,0x89f9680c08e203febb0bff850cc65d075a263c81,0x4200000000000000000000000000000000000006,WETH,6896036417161610,0.006896036417,15.59,0xd9aaec86b65d86f6a7b5b1b0c42ffa531710b6ca,USDbC,bd2747a724f7224a53dc93f43fa238eb,2025-02-26 23:02:58.153,2025-02-26 23:02:58.153
9007892,2024-01-09 12:58:51.000,0x7d0d2b716753b1842177e6554f5c82b40cf86541a0b89a38aa813b436668a86c,0xa238dd80c259a72e81d7e4664a9801593f98d1c5,LiquidationCall,14,0x0111c420,0x32f8c8b40b62a73d514e8be0f58074edba533937,0x5d718a6b1b8545fa922c51b76412bc1fc7038129,Aave V3,0x5d718a6b1b8545fa922c51b76412bc1fc7038129,0x11c420fc4a7c54cf74b443f34b77a5261184b7c7,0x48bf8fcd44e2977c8a9a744658431a8e6c0d866c,0x4200000000000000000000000000000000000006,WETH,3478889490528315,0.003478889491,7.92,0xd9aaec86b65d86f6a7b5b1b0c42ffa531710b6ca,USDbC,471104116bd5072931437d0dc05c71fb,2025-02-26 23:02:58.153,2025-02-26 23:02:58.153
9007849,2024-01-09 12:57:25.000,0x4af53e959cc6b424597443f1fc265f0b84cae5f868d18ed8048bbdf6cd4433fc,0xa238dd80c259a72e81d7e4664a9801593f98d1c5,LiquidationCall,14,0x01243605,0x32f8c8b40b62a73d514e8be0f58074edba533937,0x5d718a6b1b8545fa922c51b76412bc1fc7038129,Aave V3,0x5d718a6b1b8545fa922c51b76412bc1fc7038129,0x243605b4d5f8e3eb6aa2a8e6f53902cb3d4b51d4,0xd4a0e0b9149bcee3c920d2e00b5de09138fd8bb7,0x4200000000000000000000000000000000000006,WETH,3187260654695570,0.003187260655,7.26,0xd9aaec86b65d86f6a7b5b1b0c42ffa531710b6ca,USDbC,7abae5ddc95cf6cd1cfc0570be1717d6,2025-02-26 23:02:58.153,2025-02-26 23:02:58.153
9011405,2024-01-09 14:55:57.000,0x51238edef310b09771ec7948378bf19317faa082f78bf75b92c29d0e997ad57c,0xa238dd80c259a72e81d7e4664a9801593f98d1c5,LiquidationCall,14,0x01f82b60,0x32f8c8b40b62a73d514e8be0f58074edba533937,0x5d718a6b1b8545fa922c51b76412bc1fc7038129,Aave V3,0x5d718a6b1b8545fa922c51b76412bc1fc7038129,0xf82b60a58bc24da2ea9f5ebfa4149df328ce4c28,0x89f9680c08e203febb0bff850cc65d075a263c81,0x4200000000000000000000000000000000000006,WETH,5711531290221761,0.00571153129,13.1,0xd9aaec86b65d86f6a7b5b1b0c42ffa531710b6ca,USDbC,f4f8860b85edd27ff869a5869b603f2a,2025-02-26 23:02:58.153,2025-02-26 23:02:58.153
9004832,2024-01-09 11:16:51.000,0x5a33353b7b1f8c63ccfce02847b9d234fb3cb3cdbffe504b5f0ae0db28914ad7,0xa238dd80c259a72e81d7e4664a9801593f98d1c5,LiquidationCall,15,0x017f10c4,0x32f8c8b40b62a73d514e8be0f58074edba533937,0x5d718a6b1b8545fa922c51b76412bc1fc7038129,Aave V3,0x5d718a6b1b8545fa922c51b76412bc1fc7038129,0x7f10c45aa9d1598c2258b3c93332983053ac4c6c,0x13a13869b814be8f13b86e9875ab51bda882e391,0xd9aaec86b65d86f6a7b5b1b0c42ffa531710b6ca,USDbC,63654703,63.654703,63.52,0x4200000000000000000000000000000000000006,WETH,bedeac9542eaff51c63871bffcd5179a,2025-02-26 23:02:58.153,2025-02-26 23:02:58.153
9062710,2024-01-10 19:26:07.000,0xc2dda557969e78b983b02d6cc2d8c50ab0e1d1c98dd90465d334a65869161e51,0xa238dd80c259a72e81d7e4664a9801593f98d1c5,LiquidationCall,14,0x01de96f3,0x32f8c8b40b62a73d514e8be0f58074edba533937,0x5d718a6b1b8545fa922c51b76412bc1fc7038129,Aave V3,0x5d718a6b1b8545fa922c51b76412bc1fc7038129,0xde96f38588b96dbb1c1e85010abf86ed744ad2e6,0x560f3f03a9894a2e672ca19fdaa4c3c9407eb4bb,0xd9aaec86b65d86f6a7b5b1b0c42ffa531710b6ca,USDbC,16376410,16.37641,16.42,0xc1cba3fcea344f92d9239c08c0568f6f2f0ee452,wstETH,f90567fd9c40bfda760dc4aeca5dfb26,2025-02-26 23:02:58.153,2025-02-26 23:02:58.153
9069535,2024-01-10 23:13:37.000,0xc5aa0c310ca9579c5ca15047a261fc0cd6585e4aa81bbe6111bd47edfb2cb8e4,0xa238dd80c259a72e81d7e4664a9801593f98d1c5,LiquidationCall,74,0x01e8e3f3,0x32f8c8b40b62a73d514e8be0f58074edba533937,0x5d718a6b1b8545fa922c51b76412bc1fc7038129,Aave V3,0x5d718a6b1b8545fa922c51b76412bc1fc7038129,0xe8e3f385c2e1376e7f053ea806751d61d7960387,0x13a13869b814be8f13b86e9875ab51bda882e391,0xd9aaec86b65d86f6a7b5b1b0c42ffa531710b6ca,USDbC,6461192,6.461192,6.49,0x2ae3f1ec7f1f5012cfeab0185bfc7aa3cf0dec22,cbETH,0498af718ed124641dac12c18e5bf564,2025-02-26 23:02:58.153,2025-02-26 23:02:58.153
9065179,2024-01-10 20:48:25.000,0xff961f5eb044d842ca898a7069f8ccf769972d1ad265e901b8d2c73030706cf2,0xa238dd80c259a72e81d7e4664a9801593f98d1c5,LiquidationCall,38,0x00000000,0xc4715329d51bf4b533eeb4d9db877841f7e0c982,0x87c71331f516e7ed346a93f9b1aab9209ea52a16,Aave V3,0x87c71331f516e7ed346a93f9b1aab9209ea52a16,0xa3e2d68a7257f176700e911840b6fdc45b68142e,0x560f3f03a9894a2e672ca19fdaa4c3c9407eb4bb,0xd9aaec86b65d86f6a7b5b1b0c42ffa531710b6ca,USDbC,427000422,427.000422,428.15,0xc1cba3fcea344f92d9239c08c0568f6f2f0ee452,wstETH,fea18cf08f133481e15383eadcbd14a0,2025-02-26 23:02:58.153,2025-02-26 23:02:58.153
9069595,2024-01-10 23:15:37.000,0x9639a00fb352c6b6a3a72342ee3ddd3b7e46becbc818f36ac194e58988d444e5,0xa238dd80c259a72e81d7e4664a9801593f98d1c5,LiquidationCall,38,0x0100a0da,0x32f8c8b40b62a73d514e8be0f58074edba533937,0x5d718a6b1b8545fa922c51b76412bc1fc7038129,Aave V3,0x5d718a6b1b8545fa922c51b76412bc1fc7038129,0x00a0da1ba7ccdf91b3c396a2249af2d1f9efce5b,0x0a1d576f3efef75b330424287a95a366e8281d54,0xd9aaec86b65d86f6a7b5b1b0c42ffa531710b6ca,USDbC,6853478,6.853478,6.89,0x4200000000000000000000000000000000000006,WETH,8c6711378f399c05f28c85351bee5434,2025-02-26 23:02:58.153,2025-02-26 23:02:58.153
9069655,2024-01-10 23:17:37.000,0xa15b54babbc5f14a89e8e5c14b32b1d1f14abbfcbae4b9caac754cdf7565a86b,0xa238dd80c259a72e81d7e4664a9801593f98d1c5,LiquidationCall,27,0x01d57cae,0x32f8c8b40b62a73d514e8be0f58074edba533937,0x5d718a6b1b8545fa922c51b76412bc1fc7038129,Aave V3,0x5d718a6b1b8545fa922c51b76412bc1fc7038129,0xd57cae65eb706f6b5452f58c2c3d836abb904609,0x0a1d576f3efef75b330424287a95a366e8281d54,0xd9aaec86b65d86f6a7b5b1b0c42ffa531710b6ca,USDbC,167754845,167.754845,168.59,0x4200000000000000000000000000000000000006,WETH,4358183287e3f07e5cfcada84320accf,2025-02-26 23:02:58.153,2025-02-26 23:02:58.153
9078496,2024-01-11 04:12:19.000,0x8db4631045193790f9d715cfe77c8d034742d93d384ce32420ac7a04954b4d56,0xa238dd80c259a72e81d7e4664a9801593f98d1c5,LiquidationCall,22,0x01de96f3,0x32f8c8b40b62a73d514e8be0f58074edba533937,0x5d718a6b1b8545fa922c51b76412bc1fc7038129,Aave V3,0x5d718a6b1b8545fa922c51b76412bc1fc7038129,0xde96f38588b96dbb1c1e85010abf86ed744ad2e6,0x560f3f03a9894a2e672ca19fdaa4c3c9407eb4bb,0xd9aaec86b65d86f6a7b5b1b0c42ffa531710b6ca,USDbC,8696304,8.696304,8.71,0xc1cba3fcea344f92d9239c08c0568f6f2f0ee452,wstETH,164b1a399dd692880db9b840671dc5a6,2025-02-26 23:02:58.153,2025-02-26 23:02:58.153
9078252,2024-01-11 04:04:11.000,0x133efc42242e8d860cc037d5ae9983b9befa6bed6af16423ce73e3d58ac06a65,0xa238dd80c259a72e81d7e4664a9801593f98d1c5,LiquidationCall,27,0x01942114,0x32f8c8b40b62a73d514e8be0f58074edba533937,0x5d718a6b1b8545fa922c51b76412bc1fc7038129,Aave V3,0x5d718a6b1b8545fa922c51b76412bc1fc7038129,0x942114d2222af79422d11ddb0a96ddf2997fecb9,0x4e65fe4dba92790696d040ac24aa414708f5c0ab,0x833589fcd6edb6e08f4c7c32d4f71b54bda02913,USDC,164328285,164.328285,164.36,0x4200000000000000000000000000000000000006,WETH,4d6288e401ab4746a6064f535c17404a,2025-02-26 23:02:58.153,2025-02-26 23:02:58.153
9152565,2024-01-12 21:21:17.000,0xf006fae6162974d8eeb4aa8ce6c341f266b6baa8ff4bf958dd9025c3e42ff0c4,0xa238dd80c259a72e81d7e4664a9801593f98d1c5,LiquidationCall,17,0x01ca7f43,0x32f8c8b40b62a73d514e8be0f58074edba533937,0x5d718a6b1b8545fa922c51b76412bc1fc7038129,Aave V3,0x5d718a6b1b8545fa922c51b76412bc1fc7038129,0xca7f43040edb3102acec7893fe8470206cf06dba,0x89f9680c08e203febb0bff850cc65d075a263c81,0x4200000000000000000000000000000000000006,WETH,3828725098236461,0.003828725098,9.89,0xd9aaec86b65d86f6a7b5b1b0c42ffa531710b6ca,USDbC,c4147c3aad12a5531671ddf8cd576c8f,2025-02-26 23:02:58.153,2025-02-26 23:02:58.153
9154665,2024-01-12 22:31:17.000,0xa7857bc80885917d6593610e641665177dade5aa7e33e72c69fe675f2638e25b,0xa238dd80c259a72e81d7e4664a9801593f98d1c5,LiquidationCall,21,0x01cc8f05,0x32f8c8b40b62a73d514e8be0f58074edba533937,0x5d718a6b1b8545fa922c51b76412bc1fc7038129,Aave V3,0x5d718a6b1b8545fa922c51b76412bc1fc7038129,0xcc8f05510dced829328012c09ec20d8e8f1fb70b,0xd4a0e0b9149bcee3c920d2e00b5de09138fd8bb7,0x4200000000000000000000000000000000000006,WETH,20265747612885012,0.02026574761,52.23,0xd9aaec86b65d86f6a7b5b1b0c42ffa531710b6ca,USDbC,bbd69e0edb93ce39f1b2070330387afa,2025-02-26 23:02:58.153,2025-02-26 23:02:58.153
9154725,2024-01-12 22:33:17.000,0x0d7456b610b64e4c57bec04b548981e7fe5226597f52b2086451701911fc4ddb,0xa238dd80c259a72e81d7e4664a9801593f98d1c5,LiquidationCall,19,0x012b5e3f,0x32f8c8b40b62a73d514e8be0f58074edba533937,0x5d718a6b1b8545fa922c51b76412bc1fc7038129,Aave V3,0x5d718a6b1b8545fa922c51b76412bc1fc7038129,0x2b5e3f13c4fd03f82c57f2c9dec75e6ac8c39c78,0x278dae6f8543a646924f5b62af2a891536e9e6f2,0x4200000000000000000000000000000000000006,WETH,21657895413733828,0.02165789541,55.81,0xd9aaec86b65d86f6a7b5b1b0c42ffa531710b6ca,USDbC,9d4de9fdb0c1b3a7ae0c250c9a513fd8,2025-02-26 23:02:58.153,2025-02-26 23:02:58.153
9154785,2024-01-12 22:35:17.000,0xdf4190ea3b0b28a49dcfeaf3740188d9f1fdf1e86826b5bc25f4e4b4bad31549,0xa238dd80c259a72e81d7e4664a9801593f98d1c5,LiquidationCall,37,0x0174f75e,0x32f8c8b40b62a73d514e8be0f58074edba533937,0x5d718a6b1b8545fa922c51b76412bc1fc7038129,Aave V3,0x5d718a6b1b8545fa922c51b76412bc1fc7038129,0x74f75e2962184ea1169966541412ca8ce90ca719,0xd4a0e0b9149bcee3c920d2e00b5de09138fd8bb7,0x4200000000000000000000000000000000000006,WETH,32353688928776676,0.03235368893,83.38,0xd9aaec86b65d86f6a7b5b1b0c42ffa531710b6ca,USDbC,25c458708b209f97f225e7eadc47fb28,2025-02-26 23:02:58.153,2025-02-26 23:02:58.153
9152796,2024-01-12 21:28:59.000,0x3a7443858a2e3ef0777ebaebf9999f63f74a9a874959adb0888ccc924e544c21,0xa238dd80c259a72e81d7e4664a9801593f98d1c5,LiquidationCall,354,0x01ab1227,0x32f8c8b40b62a73d514e8be0f58074edba533937,0x5d718a6b1b8545fa922c51b76412bc1fc7038129,Aave V3,0x5d718a6b1b8545fa922c51b76412bc1fc7038129,0xab12275f2d91f87b301a4f01c9af4e83b3f45baa,0x89f9680c08e203febb0bff850cc65d075a263c81,0x4200000000000000000000000000000000000006,WETH,67181864741337460,0.06718186474,173.59,0x4200000000000000000000000000000000000006,WETH,53f22383627f02377ee9bbbf1aed86bb,2025-02-26 23:02:58.153,2025-02-26 23:02:58.153
9152624,2024-01-12 21:23:15.000,0xdbe9ebdbb805f07261dd5a95f1416551f7134517df3c7e7805d19a57ce8e57af,0xa238dd80c259a72e81d7e4664a9801593f98d1c5,LiquidationCall,19,0x0144ffa3,0x32f8c8b40b62a73d514e8be0f58074edba533937,0x5d718a6b1b8545fa922c51b76412bc1fc7038129,Aave V3,0x5d718a6b1b8545fa922c51b76412bc1fc7038129,0x44ffa3f5df087385ab950b4e0c2ca5cad84c2da6,0xd4a0e0b9149bcee3c920d2e00b5de09138fd8bb7,0x4200000000000000000000000000000000000006,WETH,16147924860635992,0.01614792486,41.72,0xd9aaec86b65d86f6a7b5b1b0c42ffa531710b6ca,USDbC,6d377fe4b98de42c35b79dfabb195541,2025-02-26 23:02:58.153,2025-02-26 23:02:58.153
9154124,2024-01-12 22:13:15.000,0xa348908b5d5b74caab4e4257491e98aae69acdd9667a16e44296e3b10ff75d6d,0xa238dd80c259a72e81d7e4664a9801593f98d1c5,LiquidationCall,20,0x017d03a2,0x32f8c8b40b62a73d514e8be0f58074edba533937,0x5d718a6b1b8545fa922c51b76412bc1fc7038129,Aave V3,0x5d718a6b1b8545fa922c51b76412bc1fc7038129,0x7d03a2c1b4281c1fc33e119d5b1eada609e95b2f,0x48bf8fcd44e2977c8a9a744658431a8e6c0d866c,0x4200000000000000000000000000000000000006,WETH,16987006031318736,0.01698700603,43.78,0xd9aaec86b65d86f6a7b5b1b0c42ffa531710b6ca,USDbC,a4d58af9652638f70e43c27a4ce1ddf4,2025-02-26 23:02:58.153,2025-02-26 23:02:58.153
9153105,2024-01-12 21:39:17.000,0x7097318b672878ba0a7a6b992dddb4a60b235e11e27e2516dba33e4b1c9d6ef5,0xa238dd80c259a72e81d7e4664a9801593f98d1c5,LiquidationCall,70,0x017e39ec,0x32f8c8b40b62a73d514e8be0f58074edba533937,0x5d718a6b1b8545fa922c51b76412bc1fc7038129,Aave V3,0x5d718a6b1b8545fa922c51b76412bc1fc7038129,0x7e39ec65f829bb74dbee6938884b40d11f28cf8a,0x002c619f0390830e14efea5acec6d9c7093da54b,0x4200000000000000000000000000000000000006,WETH,2134762405941255,0.002134762406,5.52,0xd9aaec86b65d86f6a7b5b1b0c42ffa531710b6ca,USDbC,2b71a41e4382a9fb99eff630bcd4c7be,2025-02-26 23:02:58.153,2025-02-26 23:02:58.153
9145832,2024-01-12 17:36:51.000,0xf5347320fdcf749580d7ce0a3e2854f0d9c0c0b2d4230df2cd94d6a5f878e064,0xa238dd80c259a72e81d7e4664a9801593f98d1c5,LiquidationCall,25,0x013cb8c0,0x32f8c8b40b62a73d514e8be0f58074edba533937,0x5d718a6b1b8545fa922c51b76412bc1fc7038129,Aave V3,0x5d718a6b1b8545fa922c51b76412bc1fc7038129,0x3cb8c0e2ff0bb2c1ecb696e142d5d1f486a3726a,0x002c619f0390830e14efea5acec6d9c7093da54b,0x4200000000000000000000000000000000000006,WETH,5505146361735863,0.005505146362,14.61,0xd9aaec86b65d86f6a7b5b1b0c42ffa531710b6ca,USDbC,8e572c996e531968b8cd3c2664cbed71,2025-02-26 23:02:58.153,2025-02-26 23:02:58.153
9153666,2024-01-12 21:57:59.000,0x5cbaed3e8f88b67e0526e94f98a3b561a1dd50180b37fe6e46aac7e0aaf4a962,0xa238dd80c259a72e81d7e4664a9801593f98d1c5,LiquidationCall,26,0x01d0cc42,0x32f8c8b40b62a73d514e8be0f58074edba533937,0x5d718a6b1b8545fa922c51b76412bc1fc7038129,Aave V3,0x5d718a6b1b8545fa922c51b76412bc1fc7038129,0xd0cc4255f17017e6e3ef52bc4b2051dbf76fdf28,0x278dae6f8543a646924f5b62af2a891536e9e6f2,0x4200000000000000000000000000000000000006,WETH,20458935665388120,0.02045893567,52.86,0xd9aaec86b65d86f6a7b5b1b0c42ffa531710b6ca,USDbC,2b985d9c3f7e12274063c0a13d779442,2025-02-26 23:02:58.153,2025-02-26 23:02:58.153
9242705,2024-01-14 23:25:57.000,0x6863bcfcec7c0a26591861e7520aed86c107157dc7c5a9caf7877e8a78f45b48,0xa238dd80c259a72e81d7e4664a9801593f98d1c5,LiquidationCall,20,0x011ce3b7,0x32f8c8b40b62a73d514e8be0f58074edba533937,0x5d718a6b1b8545fa922c51b76412bc1fc7038129,Aave V3,0x5d718a6b1b8545fa922c51b76412bc1fc7038129,0x1ce3b785f288dc2ed235719f6fc974064c3b982a,0x002c619f0390830e14efea5acec6d9c7093da54b,0x4200000000000000000000000000000000000006,WETH,27322921271340664,0.02732292127,68.66,0xd9aaec86b65d86f6a7b5b1b0c42ffa531710b6ca,USDbC,ceb32542cee61ecc476f716809eacc9c,2025-02-26 23:02:58.153,2025-02-26 23:02:58.153
9242642,2024-01-14 23:23:51.000,0x1624dd51bb1030569cfedf4a3884ff119cf8d408657424c6fc3678a97c7d1e73,0xa238dd80c259a72e81d7e4664a9801593f98d1c5,LiquidationCall,18,0x011ac97b,0x32f8c8b40b62a73d514e8be0f58074edba533937,0x5d718a6b1b8545fa922c51b76412bc1fc7038129,Aave V3,0x5d718a6b1b8545fa922c51b76412bc1fc7038129,0x1ac97bd14aeade71fe91e16af5a1b3aa3103c38c,0x89f9680c08e203febb0bff850cc65d075a263c81,0x4200000000000000000000000000000000000006,WETH,18047603777296436,0.01804760378,45.35,0xd9aaec86b65d86f6a7b5b1b0c42ffa531710b6ca,USDbC,960091a428cc2479e8d42fcc19204537,2025-02-26 23:02:58.153,2025-02-26 23:02:58.153
9242521,2024-01-14 23:19:49.000,0x81fd6fbafc1dae0fb7f295aa4ddec3e9feb9db97f2b49ac39b62abf414ecfa79,0xa238dd80c259a72e81d7e4664a9801593f98d1c5,LiquidationCall,30,0x0183b8e2,0x32f8c8b40b62a73d514e8be0f58074edba533937,0x5d718a6b1b8545fa922c51b76412bc1fc7038129,Aave V3,0x5d718a6b1b8545fa922c51b76412bc1fc7038129,0x83b8e2a7acc510c8bef905cfa03962244c798e49,0x89f9680c08e203febb0bff850cc65d075a263c81,0x4200000000000000000000000000000000000006,WETH,14063826861845820,0.01406382686,35.34,0xd9aaec86b65d86f6a7b5b1b0c42ffa531710b6ca,USDbC,8bb3213ef0d768586671ce040a15b55b,2025-02-26 23:02:58.153,2025-02-26 23:02:58.153
9243061,2024-01-14 23:37:49.000,0x76576556a0ed7fac666ded3585aa252e37dde434a1f76629343df0d1e42d1f48,0xa238dd80c259a72e81d7e4664a9801593f98d1c5,LiquidationCall,34,0x01a9f046,0x32f8c8b40b62a73d514e8be0f58074edba533937,0x5d718a6b1b8545fa922c51b76412bc1fc7038129,Aave V3,0x5d718a6b1b8545fa922c51b76412bc1fc7038129,0xa9f046024d79cb14d7a5080229364fb1a4002ae6,0x48bf8fcd44e2977c8a9a744658431a8e6c0d866c,0x4200000000000000000000000000000000000006,WETH,25640932755419430,0.02564093276,64.43,0xd9aaec86b65d86f6a7b5b1b0c42ffa531710b6ca,USDbC,15eab9f478a1570efe0bc99937b0b0a4,2025-02-26 23:02:58.153,2025-02-26 23:02:58.153
9242581,2024-01-14 23:21:49.000,0xc4a79504632a0ac1d6b313f67833aae42d66a9423ad462bd7590c78e1f0e7fe0,0xa238dd80c259a72e81d7e4664a9801593f98d1c5,LiquidationCall,30,0x018509f0,0x32f8c8b40b62a73d514e8be0f58074edba533937,0x5d718a6b1b8545fa922c51b76412bc1fc7038129,Aave V3,0x5d718a6b1b8545fa922c51b76412bc1fc7038129,0x8509f084532580081954abbe86baa01eab82f479,0x89f9680c08e203febb0bff850cc65d075a263c81,0x4200000000000000000000000000000000000006,WETH,3647218238172107,0.003647218238,9.17,0xd9aaec86b65d86f6a7b5b1b0c42ffa531710b6ca,USDbC,5c74e2af62f31e7b74313e8e0fbacffb,2025-02-26 23:02:58.153,2025-02-26 23:02:58.153
9236663,2024-01-14 20:04:33.000,0xa57c336bbae0d352c66c823b0b0bcc193a2ace75211c0732838a46b2b567302b,0xa238dd80c259a72e81d7e4664a9801593f98d1c5,LiquidationCall,66,0x010cf341,0x32f8c8b40b62a73d514e8be0f58074edba533937,0x5d718a6b1b8545fa922c51b76412bc1fc7038129,Aave V3,0x5d718a6b1b8545fa922c51b76412bc1fc7038129,0x0cf341c74cf06c1c9c98c678a3597e6a7c1bf594,0xd4a0e0b9149bcee3c920d2e00b5de09138fd8bb7,0x4200000000000000000000000000000000000006,WETH,22539151751896584,0.02253915175,57,0xd9aaec86b65d86f6a7b5b1b0c42ffa531710b6ca,USDbC,e0767febb15d1e8888607f5eb82d0c02,2025-02-26 23:02:58.153,2025-02-26 23:02:58.153
9236702,2024-01-14 20:05:51.000,0x26b33190dbd27d57220da2aac221ecc386a61dc100186e195c06e0aee32990af,0xa238dd80c259a72e81d7e4664a9801593f98d1c5,LiquidationCall,35,0x01b63eca,0x32f8c8b40b62a73d514e8be0f58074edba533937,0x5d718a6b1b8545fa922c51b76412bc1fc7038129,Aave V3,0x5d718a6b1b8545fa922c51b76412bc1fc7038129,0xb63eca36823604b71e8b31e5f6de33fb74f9cd15,0x89f9680c08e203febb0bff850cc65d075a263c81,0x4200000000000000000000000000000000000006,WETH,19122704745682784,0.01912270475,48.36,0xd9aaec86b65d86f6a7b5b1b0c42ffa531710b6ca,USDbC,57b024432e649d7a096aa13022dfa4c5,2025-02-26 23:02:58.153,2025-02-26 23:02:58.153
9407940,2024-01-18 19:13:47.000,0xde1bd86d1fc8bbc4ea3b95fbb124f0491bc1dd532effcb43bdcd29e066813d3c,0xa238dd80c259a72e81d7e4664a9801593f98d1c5,LiquidationCall,109,0x01549f26,0x32f8c8b40b62a73d514e8be0f58074edba533937,0x5d718a6b1b8545fa922c51b76412bc1fc7038129,Aave V3,0x5d718a6b1b8545fa922c51b76412bc1fc7038129,0x549f263c33e7825209c51941867a08362124f3c1,0x89f9680c08e203febb0bff850cc65d075a263c81,0x4200000000000000000000000000000000000006,WETH,2846148175306218,0.002846148175,7.04,0xd9aaec86b65d86f6a7b5b1b0c42ffa531710b6ca,USDbC,b56ac8e8b34b666ddebf7568e33547bb,2025-02-26 23:02:58.153,2025-02-26 23:02:58.153
9409749,2024-01-18 20:14:05.000,0x8c2fc883ee551b2ce3ff039041d5ba99ad82c7a88d5464ab0cf1fb6f11ef7347,0xa238dd80c259a72e81d7e4664a9801593f98d1c5,LiquidationCall,89,0x011dae55,0x32f8c8b40b62a73d514e8be0f58074edba533937,0x5d718a6b1b8545fa922c51b76412bc1fc7038129,Aave V3,0x5d718a6b1b8545fa922c51b76412bc1fc7038129,0x1dae55e5195e84ec52b058c1a8dcf19a8f6e74be,0x89f9680c08e203febb0bff850cc65d075a263c81,0x4200000000000000000000000000000000000006,WETH,2929085316211724,0.002929085316,7.25,0xd9aaec86b65d86f6a7b5b1b0c42ffa531710b6ca,USDbC,4f6523041aff9d7ee945ebd1b4a5494c,2025-02-26 23:02:58.153,2025-02-26 23:02:58.153
9403864,2024-01-18 16:57:55.000,0xad70530adf1b6e6c7a2149b820152d9b5e64a72a5f5341abc7c0c4c74af3589e,0xa238dd80c259a72e81d7e4664a9801593f98d1c5,LiquidationCall,20,0x01cfa456,0x32f8c8b40b62a73d514e8be0f58074edba533937,0x5d718a6b1b8545fa922c51b76412bc1fc7038129,Aave V3,0x5d718a6b1b8545fa922c51b76412bc1fc7038129,0xcfa456ad9e3f40f919a8c6bf8532d93d45a2aa2a,0x89f9680c08e203febb0bff850cc65d075a263c81,0x4200000000000000000000000000000000000006,WETH,4901378857342571,0.004901378857,12.29,0xd9aaec86b65d86f6a7b5b1b0c42ffa531710b6ca,USDbC,8137824af23a8680b066ed02fb435566,2025-02-26 23:02:58.153,2025-02-26 23:02:58.153
9410311,2024-01-18 20:32:49.000,0x807f56b04b267df450263cf0f2b929c503462fa49d28c7dadcb57f5b7cb1df5d,0xa238dd80c259a72e81d7e4664a9801593f98d1c5,LiquidationCall,14,0x00000000,0x49697102d3a8b03eb27a6563566acc990b278b8d,0x87c71331f516e7ed346a93f9b1aab9209ea52a16,Aave V3,0x87c71331f516e7ed346a93f9b1aab9209ea52a16,0xff558dd78306caf41f5329aaa6fab0491ed70563,0x48bf8fcd44e2977c8a9a744658431a8e6c0d866c,0x4200000000000000000000000000000000000006,WETH,260594645556431460,0.2605946456,645.2,0x833589fcd6edb6e08f4c7c32d4f71b54bda02913,USDC,fc2745732f8e332c88092ca4a927ae11,2025-02-26 23:02:58.153,2025-02-26 23:02:58.153
9404308,2024-01-18 17:12:43.000,0x8094f34b54fb564266a0618f3d6a916250512ece07ef6546200812980cb26d60,0xa238dd80c259a72e81d7e4664a9801593f98d1c5,LiquidationCall,17,0x0845a7e9,0x002f70367bc91422d609953a0cb28ba8f63d7e2e,0x1b3bcad82c1c5223fe5e6ea0f7a41947d1a01ac2,Aave V3,0x1b3bcad82c1c5223fe5e6ea0f7a41947d1a01ac2,0xcbcb236c7e788ff583de6e827f77013fdd973262,0x278dae6f8543a646924f5b62af2a891536e9e6f2,0x4200000000000000000000000000000000000006,WETH,16190865301730430,0.0161908653,40.81,0xd9aaec86b65d86f6a7b5b1b0c42ffa531710b6ca,USDbC,3cffe7adfe456201a8c91bb4413bda89,2025-02-26 23:02:58.153,2025-02-26 23:02:58.153
9410276,2024-01-18 20:31:39.000,0x5ce4ce47e4348f780ec911adf86ecb9134a52584abdf5f1f1af9d6cbb5d7e557,0xa238dd80c259a72e81d7e4664a9801593f98d1c5,LiquidationCall,31,0x01b4b6a4,0x32f8c8b40b62a73d514e8be0f58074edba533937,0x5d718a6b1b8545fa922c51b76412bc1fc7038129,Aave V3,0x5d718a6b1b8545fa922c51b76412bc1fc7038129,0xb4b6a46e80b1b4cc8bc60eace82e33e08074fabf,0x89f9680c08e203febb0bff850cc65d075a263c81,0x4200000000000000000000000000000000000006,WETH,6016656713374782,0.006016656713,14.9,0xd9aaec86b65d86f6a7b5b1b0c42ffa531710b6ca,USDbC,8085ea67769de0bd2b4660570898e3cc,2025-02-26 23:02:58.153,2025-02-26 23:02:58.153
9406563,2024-01-18 18:27:53.000,0x5f2fb4bc43f68d5eee4d99b070277c4d4675076265e8ade721d5bfcb104c11e7,0xa238dd80c259a72e81d7e4664a9801593f98d1c5,LiquidationCall,15,0x017132a8,0x32f8c8b40b62a73d514e8be0f58074edba533937,0x5d718a6b1b8545fa922c51b76412bc1fc7038129,Aave V3,0x5d718a6b1b8545fa922c51b76412bc1fc7038129,0x7132a8f29ef740a24c871bf46ca1d2317624aedd,0xd4a0e0b9149bcee3c920d2e00b5de09138fd8bb7,0x4200000000000000000000000000000000000006,WETH,7066248562073682,0.007066248562,17.67,0xd9aaec86b65d86f6a7b5b1b0c42ffa531710b6ca,USDbC,817ec41225fba7d65a40fc4107e892a6,2025-02-26 23:02:58.153,2025-02-26 23:02:58.153
9409745,2024-01-18 20:13:57.000,0x2c068c72d7e17f278bf4b5e75172e44ed9d5d4c3b7dde581fa95ae6ff0b244fa,0xa238dd80c259a72e81d7e4664a9801593f98d1c5,LiquidationCall,31,0x011cecfa,0x32f8c8b40b62a73d514e8be0f58074edba533937,0x5d718a6b1b8545fa922c51b76412bc1fc7038129,Aave V3,0x5d718a6b1b8545fa922c51b76412bc1fc7038129,0x1cecfa648c497c503b4ae1e34b75ca3b5ef45e27,0x89f9680c08e203febb0bff850cc65d075a263c81,0x4200000000000000000000000000000000000006,WETH,3301705157152228,0.003301705157,8.17,0xd9aaec86b65d86f6a7b5b1b0c42ffa531710b6ca,USDbC,d515eaf2e021484f340c96636ed58266,2025-02-26 23:02:58.153,2025-02-26 23:02:58.153
9404127,2024-01-18 17:06:41.000,0x85659dc13c4491ee9bc728c94c8540113f001dacf9cfba8186f9698851f2d5cb,0xa238dd80c259a72e81d7e4664a9801593f98d1c5,LiquidationCall,33,0x0129c631,0x32f8c8b40b62a73d514e8be0f58074edba533937,0x5d718a6b1b8545fa922c51b76412bc1fc7038129,Aave V3,0x5d718a6b1b8545fa922c51b76412bc1fc7038129,0x29c631ce77516a8ac3330e215551558e3f02ed15,0x89f9680c08e203febb0bff850cc65d075a263c81,0x4200000000000000000000000000000000000006,WETH,18765946357739240,0.01876594636,47.3,0xd9aaec86b65d86f6a7b5b1b0c42ffa531710b6ca,USDbC,45499a8999cf9ded9987db72aff0f010,2025-02-26 23:02:58.153,2025-02-26 23:02:58.153
9406220,2024-01-18 18:16:27.000,0x6616be928fd34752576876a33fc772981471823f2907ae32091b97cf037ab598,0xa238dd80c259a72e81d7e4664a9801593f98d1c5,LiquidationCall,14,0x010fb6be,0x32f8c8b40b62a73d514e8be0f58074edba533937,0x5d718a6b1b8545fa922c51b76412bc1fc7038129,Aave V3,0x5d718a6b1b8545fa922c51b76412bc1fc7038129,0x0fb6bef70de06339adeecea1794ba1d32f9471c5,0x89f9680c08e203febb0bff850cc65d075a263c81,0x4200000000000000000000000000000000000006,WETH,7383802247343012,0.007383802247,18.46,0xd9aaec86b65d86f6a7b5b1b0c42ffa531710b6ca,USDbC,428ca7bf87a2d7c52c458e332ef82be1,2025-02-26 23:02:58.153,2025-02-26 23:02:58.153
9404360,2024-01-18 17:14:27.000,0xd4c93b0e5fbe2ab2a0c9ca15533086fa12920d28529f0e785bd01a826eabbcda,0xa238dd80c259a72e81d7e4664a9801593f98d1c5,LiquidationCall,73,0x018adf5e,0x32f8c8b40b62a73d514e8be0f58074edba533937,0x5d718a6b1b8545fa922c51b76412bc1fc7038129,Aave V3,0x5d718a6b1b8545fa922c51b76412bc1fc7038129,0x8adf5e94047ecec58e29b11b00a32f4e8f09cd04,0x48bf8fcd44e2977c8a9a744658431a8e6c0d866c,0x4200000000000000000000000000000000000006,WETH,15667755510850712,0.01566775551,39.49,0xd9aaec86b65d86f6a7b5b1b0c42ffa531710b6ca,USDbC,f351abe997f847a0bc527afd4be70fb7,2025-02-26 23:02:58.153,2025-02-26 23:02:58.153
9410332,2024-01-18 20:33:31.000,0x765ba26253330ae5ef5992293561b2507bf3c5acb4c49d6f9de73097e604a2bd,0xa238dd80c259a72e81d7e4664a9801593f98d1c5,LiquidationCall,27,0x0158133a,0x32f8c8b40b62a73d514e8be0f58074edba533937,0x5d718a6b1b8545fa922c51b76412bc1fc7038129,Aave V3,0x5d718a6b1b8545fa922c51b76412bc1fc7038129,0x58133af380622d9942c87f2f133252aacbfe00a7,0x278dae6f8543a646924f5b62af2a891536e9e6f2,0x4200000000000000000000000000000000000006,WETH,5127132112736162,0.005127132113,12.69,0xd9aaec86b65d86f6a7b5b1b0c42ffa531710b6ca,USDbC,ca0845478e60ce1864c3de089e669935,2025-02-26 23:02:58.153,2025-02-26 23:02:58.153
9405499,2024-01-18 17:52:25.000,0xefb3220f7c1de520b8d3c679b044bb7c0e9d61504b8d4a6c510537fad9b11727,0xa238dd80c259a72e81d7e4664a9801593f98d1c5,LiquidationCall,30,0x01f82b60,0x32f8c8b40b62a73d514e8be0f58074edba533937,0x5d718a6b1b8545fa922c51b76412bc1fc7038129,Aave V3,0x5d718a6b1b8545fa922c51b76412bc1fc7038129,0xf82b60a58bc24da2ea9f5ebfa4149df328ce4c28,0x48bf8fcd44e2977c8a9a744658431a8e6c0d866c,0x4200000000000000000000000000000000000006,WETH,4116025425240726,0.004116025425,10.38,0xd9aaec86b65d86f6a7b5b1b0c42ffa531710b6ca,USDbC,bffb90194ea2c31f60a653ebaa62451e,2025-02-26 23:02:58.153,2025-02-26 23:02:58.153
9409708,2024-01-18 20:12:43.000,0xc984bffaaa922f5df5a4c6b2650f6bed146985a6dd5f184bef191088c8eaf2d3,0xa238dd80c259a72e81d7e4664a9801593f98d1c5,LiquidationCall,22,0x019ac6bf,0x32f8c8b40b62a73d514e8be0f58074edba533937,0x5d718a6b1b8545fa922c51b76412bc1fc7038129,Aave V3,0x5d718a6b1b8545fa922c51b76412bc1fc7038129,0x9ac6bfe81924d836292a62f519c7f436420eca40,0x278dae6f8543a646924f5b62af2a891536e9e6f2,0x4200000000000000000000000000000000000006,WETH,2827995816709163,0.002827995817,7,0xd9aaec86b65d86f6a7b5b1b0c42ffa531710b6ca,USDbC,8deadcd764204dcfbac09f9b309ed537,2025-02-26 23:02:58.153,2025-02-26 23:02:58.153
9409051,2024-01-18 19:50:49.000,0x291fa05b0b9fc4be0a6c0e5ca667d01f9fd5cad4760d2704648852a1174de37a,0xa238dd80c259a72e81d7e4664a9801593f98d1c5,LiquidationCall,21,0x0845a7e9,0x07454c4d1d0a71f49926d68804cb6f65f2607723,0x1b3bcad82c1c5223fe5e6ea0f7a41947d1a01ac2,Aave V3,0x1b3bcad82c1c5223fe5e6ea0f7a41947d1a01ac2,0x8ab3216b9a0c7c8afb9a20bb85634dda4e82669d,0x002c619f0390830e14efea5acec6d9c7093da54b,0x4200000000000000000000000000000000000006,WETH,54723057538242200,0.05472305754,135.33,0xd9aaec86b65d86f6a7b5b1b0c42ffa531710b6ca,USDbC,799769caaa6f5f53b369a532ae705bbf,2025-02-26 23:02:58.153,2025-02-26 23:02:58.153
9410334,2024-01-18 20:33:35.000,0xb8f3c0c5b1bf24216e71c0c0d29d75574520bd9b6f10d5c91280b9a1d0bf1ec8,0xa238dd80c259a72e81d7e4664a9801593f98d1c5,LiquidationCall,16,0x01cf3444,0x32f8c8b40b62a73d514e8be0f58074edba533937,0x5d718a6b1b8545fa922c51b76412bc1fc7038129,Aave V3,0x5d718a6b1b8545fa922c51b76412bc1fc7038129,0xcf3444ad41172f6bc4531a6630a88b23eaac8abc,0x002c619f0390830e14efea5acec6d9c7093da54b,0x4200000000000000000000000000000000000006,WETH,8339976367306784,0.008339976367,20.65,0xd9aaec86b65d86f6a7b5b1b0c42ffa531710b6ca,USDbC,9a7d28fba7cdcd8a78643056521d230e,2025-02-26 23:02:58.153,2025-02-26 23:02:58.153
9409588,2024-01-18 20:08:43.000,0x7f00e0147b1ebacd7c1ad5dcfdd3b748ed0b0f9829644fc2192766ee42299053,0xa238dd80c259a72e81d7e4664a9801593f98d1c5,LiquidationCall,42,0x01fc9c25,0x32f8c8b40b62a73d514e8be0f58074edba533937,0x5d718a6b1b8545fa922c51b76412bc1fc7038129,Aave V3,0x5d718a6b1b8545fa922c51b76412bc1fc7038129,0xfc9c25cc4b5b60b3ebe9adc2f0c089348fa9b4ca,0x002c619f0390830e14efea5acec6d9c7093da54b,0x4200000000000000000000000000000000000006,WETH,4668019686387109,0.004668019686,11.56,0xd9aaec86b65d86f6a7b5b1b0c42ffa531710b6ca,USDbC,4ab297c0fa981d1e7c6596ee9a288643,2025-02-26 23:02:58.153,2025-02-26 23:02:58.153
9409733,2024-01-18 20:13:33.000,0x0a361bab9ea15c23273b8ab9996613536c13e3485387048a1eb14ba9093dfaac,0xa238dd80c259a72e81d7e4664a9801593f98d1c5,LiquidationCall,20,0x01e78c35,0x32f8c8b40b62a73d514e8be0f58074edba533937,0x5d718a6b1b8545fa922c51b76412bc1fc7038129,Aave V3,0x5d718a6b1b8545fa922c51b76412bc1fc7038129,0xe78c352ea405039d901899b3c280bd8ea18c9352,0xd4a0e0b9149bcee3c920d2e00b5de09138fd8bb7,0x4200000000000000000000000000000000000006,WETH,2283433652159359,0.002283433652,5.65,0xd9aaec86b65d86f6a7b5b1b0c42ffa531710b6ca,USDbC,10fdc41a1accf1dba81d8f4331253ef7,2025-02-26 23:02:58.153,2025-02-26 23:02:58.153
9409648,2024-01-18 20:10:43.000,0x6b77762d3865032aac31adb0f8235c933d84d51b79025ed96bf91b76b7152372,0xa238dd80c259a72e81d7e4664a9801593f98d1c5,LiquidationCall,20,0x01169626,0x32f8c8b40b62a73d514e8be0f58074edba533937,0x5d718a6b1b8545fa922c51b76412bc1fc7038129,Aave V3,0x5d718a6b1b8545fa922c51b76412bc1fc7038129,0x169626f6484978cfd8bff8231d60b2e3c83b6881,0x89f9680c08e203febb0bff850cc65d075a263c81,0x4200000000000000000000000000000000000006,WETH,7482094073011931,0.007482094073,18.52,0xd9aaec86b65d86f6a7b5b1b0c42ffa531710b6ca,USDbC,f287026acc121e2f3531ac272784fa00,2025-02-26 23:02:58.153,2025-02-26 23:02:58.153
9410042,2024-01-18 20:23:51.000,0xccee6b5571857e37f5ce22b1c80fe01f4dcfa0ee3a5e19d0c5ff9c9ca3237143,0xa238dd80c259a72e81d7e4664a9801593f98d1c5,LiquidationCall,19,0x0122d754,0x32f8c8b40b62a73d514e8be0f58074edba533937,0x5d718a6b1b8545fa922c51b76412bc1fc7038129,Aave V3,0x5d718a6b1b8545fa922c51b76412bc1fc7038129,0x22d754ad385412fedb583c811bfec7c2c95153fb,0x89f9680c08e203febb0bff850cc65d075a263c81,0x4200000000000000000000000000000000000006,WETH,2640991805158566,0.002640991805,6.54,0xd9aaec86b65d86f6a7b5b1b0c42ffa531710b6ca,USDbC,261bc8e01d85fa1df7cf1b38674d13dd,2025-02-26 23:02:58.153,2025-02-26 23:02:58.153
9410093,2024-01-18 20:25:33.000,0xdfc25ae22d049ff545b507e40738eb0e33c4cd055e56254cc27b944bd1c89126,0xa238dd80c259a72e81d7e4664a9801593f98d1c5,LiquidationCall,21,0x01dd2af6,0x32f8c8b40b62a73d514e8be0f58074edba533937,0x5d718a6b1b8545fa922c51b76412bc1fc7038129,Aave V3,0x5d718a6b1b8545fa922c51b76412bc1fc7038129,0xdd2af6a55ef9da6c88cf74a5a5add352788cd522,0xd4a0e0b9149bcee3c920d2e00b5de09138fd8bb7,0x4200000000000000000000000000000000000006,WETH,3492747806187947,0.003492747806,8.65,0xd9aaec86b65d86f6a7b5b1b0c42ffa531710b6ca,USDbC,b066842b2a93dee533e233c4ac2d8c57,2025-02-26 23:02:58.153,2025-02-26 23:02:58.153
9409663,2024-01-18 20:11:13.000,0x7a84d1d0c6fd25ad993a61343169ff7287a046cb1b940a873ee478412723ae4d,0xa238dd80c259a72e81d7e4664a9801593f98d1c5,LiquidationCall,65,0x01c73b39,0x32f8c8b40b62a73d514e8be0f58074edba533937,0x5d718a6b1b8545fa922c51b76412bc1fc7038129,Aave V3,0x5d718a6b1b8545fa922c51b76412bc1fc7038129,0xc73b3951af039e0a365a20f5d7c81aca5ce6915e,0x278dae6f8543a646924f5b62af2a891536e9e6f2,0x4200000000000000000000000000000000000006,WETH,3432636925753359,0.003432636926,8.5,0xd9aaec86b65d86f6a7b5b1b0c42ffa531710b6ca,USDbC,5e33ee25ec34b1c715eb10cf1afee6d6,2025-02-26 23:02:58.153,2025-02-26 23:02:58.153
9410446,2024-01-18 20:37:19.000,0x1b934c3d3e962b515bce697d864978607c1e81b161ac9b0ae0709816a7890a8e,0xa238dd80c259a72e81d7e4664a9801593f98d1c5,LiquidationCall,14,0x0845a7e9,0x07454c4d1d0a71f49926d68804cb6f65f2607723,0x1b3bcad82c1c5223fe5e6ea0f7a41947d1a01ac2,Aave V3,0x1b3bcad82c1c5223fe5e6ea0f7a41947d1a01ac2,0xf834fb4f318fafc48eb3836dddbeb752485ca128,0x9897b183a8c333f23b0613c670485996d1aa3a22,0x2ae3f1ec7f1f5012cfeab0185bfc7aa3cf0dec22,cbETH,112941796955262200,0.112941797,294.06,0x833589fcd6edb6e08f4c7c32d4f71b54bda02913,USDC,3f875d8dd93f2ce2070a280e1d4f0726,2025-02-26 23:02:58.153,2025-02-26 23:02:58.153
9403803,2024-01-18 16:55:53.000,0x73d98c8e0bbb11d2c2b3273fed4787e536c1aefa61026d1339b311d528c920d9,0xa238dd80c259a72e81d7e4664a9801593f98d1c5,LiquidationCall,21,0x0155f720,0x32f8c8b40b62a73d514e8be0f58074edba533937,0x5d718a6b1b8545fa922c51b76412bc1fc7038129,Aave V3,0x5d718a6b1b8545fa922c51b76412bc1fc7038129,0x55f720f45bda6ec736a31259dd771b40cc98bec7,0x89f9680c08e203febb0bff850cc65d075a263c81,0x4200000000000000000000000000000000000006,WETH,10143841818750780,0.01014384182,25.43,0xd9aaec86b65d86f6a7b5b1b0c42ffa531710b6ca,USDbC,194493b779077aeae48740e422b86b20,2025-02-26 23:02:58.153,2025-02-26 23:02:58.153
9410153,2024-01-18 20:27:33.000,0xa11eb9d84d262c9edcead9a1a5370ded16a3ffc34f61f3f37c61e07dc94d7552,0xa238dd80c259a72e81d7e4664a9801593f98d1c5,LiquidationCall,30,0x010e1cd9,0x32f8c8b40b62a73d514e8be0f58074edba533937,0x5d718a6b1b8545fa922c51b76412bc1fc7038129,Aave V3,0x5d718a6b1b8545fa922c51b76412bc1fc7038129,0x0e1cd94273a025d3fbadcc72104eafd5a9c40d3b,0x89f9680c08e203febb0bff850cc65d075a263c81,0x4200000000000000000000000000000000000006,WETH,3697415875165949,0.003697415875,9.15,0xd9aaec86b65d86f6a7b5b1b0c42ffa531710b6ca,USDbC,5c6afe2380eb71b47b51fdaba7882882,2025-02-26 23:02:58.153,2025-02-26 23:02:58.153
9406109,2024-01-18 18:12:45.000,0x490fa55d8bb11de6a845c07839f7f843dedc0848b0d65a9324e38a8d071ab713,0xa238dd80c259a72e81d7e4664a9801593f98d1c5,LiquidationCall,40,0x0153e9b0,0x32f8c8b40b62a73d514e8be0f58074edba533937,0x5d718a6b1b8545fa922c51b76412bc1fc7038129,Aave V3,0x5d718a6b1b8545fa922c51b76412bc1fc7038129,0x53e9b078e93772363e54931baab6a667955354ec,0x89f9680c08e203febb0bff850cc65d075a263c81,0x4200000000000000000000000000000000000006,WETH,12266873522969206,0.01226687352,30.67,0xd9aaec86b65d86f6a7b5b1b0c42ffa531710b6ca,USDbC,ad5eb226d5d2c4212b45f25eeee8b559,2025-02-26 23:02:58.153,2025-02-26 23:02:58.153
9410216,2024-01-18 20:29:39.000,0x2686a00c5a696ea549e7a3f9906ff58d4209c7543e0c374465b58a5231956066,0xa238dd80c259a72e81d7e4664a9801593f98d1c5,LiquidationCall,37,0x01982853,0x32f8c8b40b62a73d514e8be0f58074edba533937,0x5d718a6b1b8545fa922c51b76412bc1fc7038129,Aave V3,0x5d718a6b1b8545fa922c51b76412bc1fc7038129,0x982853c3149996b9a198b9202b257e805c152547,0x89f9680c08e203febb0bff850cc65d075a263c81,0x4200000000000000000000000000000000000006,WETH,3934347617835057,0.003934347618,9.74,0xd9aaec86b65d86f6a7b5b1b0c42ffa531710b6ca,USDbC,d3156a029cfb79d65cef6b1004d510f3,2025-02-26 23:02:58.153,2025-02-26 23:02:58.153
9409051,2024-01-18 19:50:49.000,0xa3b3b69bd9c974d018672d7601aa70d1da1d36414f3db645a14f3630a366c322,0xa238dd80c259a72e81d7e4664a9801593f98d1c5,LiquidationCall,58,0x01e84711,0x32f8c8b40b62a73d514e8be0f58074edba533937,0x5d718a6b1b8545fa922c51b76412bc1fc7038129,Aave V3,0x5d718a6b1b8545fa922c51b76412bc1fc7038129,0xe8471107c764d7924a7df3f8ab979c89f1d252d2,0x278dae6f8543a646924f5b62af2a891536e9e6f2,0x4200000000000000000000000000000000000006,WETH,24205808844921520,0.02420580884,59.86,0xd9aaec86b65d86f6a7b5b1b0c42ffa531710b6ca,USDbC,d2da90d09cf0de26e35a3806d9a8b316,2025-02-26 23:02:58.153,2025-02-26 23:02:58.153
9409201,2024-01-18 19:55:49.000,0x5fdf31eb7454c3e49d45d1f66d27cce1a8538bc10b22066963fc227fe6a4a38f,0xa238dd80c259a72e81d7e4664a9801593f98d1c5,LiquidationCall,14,0x0845a7e9,0x002f70367bc91422d609953a0cb28ba8f63d7e2e,0x1b3bcad82c1c5223fe5e6ea0f7a41947d1a01ac2,Aave V3,0x1b3bcad82c1c5223fe5e6ea0f7a41947d1a01ac2,0x31fea468a1a219efaae67a9e0e5a7b35ff008a57,0x89f9680c08e203febb0bff850cc65d075a263c81,0x4200000000000000000000000000000000000006,WETH,25974185603199556,0.0259741856,64.23,0xd9aaec86b65d86f6a7b5b1b0c42ffa531710b6ca,USDbC,551188e5a6d2d6e84c4585f57c7a262a,2025-02-26 23:02:58.153,2025-02-26 23:02:58.153
9410273,2024-01-18 20:31:33.000,0xc08b4c40b6087189ad9e930f48a8afd389defd750787742be7c664c1dedeffcf,0xa238dd80c259a72e81d7e4664a9801593f98d1c5,LiquidationCall,39,0x01a9b907,0x32f8c8b40b62a73d514e8be0f58074edba533937,0x5d718a6b1b8545fa922c51b76412bc1fc7038129,Aave V3,0x5d718a6b1b8545fa922c51b76412bc1fc7038129,0xa9b90727ca38c2f2a649937bd561ed72cd3aafe5,0x48bf8fcd44e2977c8a9a744658431a8e6c0d866c,0x4200000000000000000000000000000000000006,WETH,6109552984766319,0.006109552985,15.13,0xd9aaec86b65d86f6a7b5b1b0c42ffa531710b6ca,USDbC,f356d30c77667eaddef811a642909d30,2025-02-26 23:02:58.153,2025-02-26 23:02:58.153
9403862,2024-01-18 16:57:51.000,0x9919cafe405cb312fea12f354cb8c53050cc8a94ca8eab52a1cfc27e2121c791,0xa238dd80c259a72e81d7e4664a9801593f98d1c5,LiquidationCall,42,0x015e928b,0x32f8c8b40b62a73d514e8be0f58074edba533937,0x5d718a6b1b8545fa922c51b76412bc1fc7038129,Aave V3,0x5d718a6b1b8545fa922c51b76412bc1fc7038129,0x5e928b170aa5cb9fc8d4a0ac24c420ebcae4c183,0x48bf8fcd44e2977c8a9a744658431a8e6c0d866c,0x4200000000000000000000000000000000000006,WETH,3145238944883441,0.003145238945,7.89,0xd9aaec86b65d86f6a7b5b1b0c42ffa531710b6ca,USDbC,407e36f3cf323667200481a3164544e6,2025-02-26 23:02:58.153,2025-02-26 23:02:58.153
9404309,2024-01-18 17:12:45.000,0x7c2113d0793625e40fe9f13a067874be9e49f9e373d5ac1e400813a028f1411f,0xa238dd80c259a72e81d7e4664a9801593f98d1c5,LiquidationCall,34,0x01a12380,0x32f8c8b40b62a73d514e8be0f58074edba533937,0x5d718a6b1b8545fa922c51b76412bc1fc7038129,Aave V3,0x5d718a6b1b8545fa922c51b76412bc1fc7038129,0xa123809a882710fd3a77253e61d4895f50fe1239,0x89f9680c08e203febb0bff850cc65d075a263c81,0x4200000000000000000000000000000000000006,WETH,6317355490619642,0.006317355491,15.92,0xd9aaec86b65d86f6a7b5b1b0c42ffa531710b6ca,USDbC,510df1a8092b12155674358d4d34e673,2025-02-26 23:02:58.153,2025-02-26 23:02:58.153
9405551,2024-01-18 17:54:09.000,0x4f7f3ebd9f356723d181705f40358b34accd75f139c8c96b07b3bc32f3b47084,0xa238dd80c259a72e81d7e4664a9801593f98d1c5,LiquidationCall,16,0x01869b96,0x32f8c8b40b62a73d514e8be0f58074edba533937,0x5d718a6b1b8545fa922c51b76412bc1fc7038129,Aave V3,0x5d718a6b1b8545fa922c51b76412bc1fc7038129,0x869b96fb94824f1f14e91c6acbbe208d4b65ead2,0x89f9680c08e203febb0bff850cc65d075a263c81,0x4200000000000000000000000000000000000006,WETH,3946277806237123,0.003946277806,9.95,0xd9aaec86b65d86f6a7b5b1b0c42ffa531710b6ca,USDbC,587c5ebb8a5f94888143bac3e44bc4dd,2025-02-26 23:02:58.153,2025-02-26 23:02:58.153
9409666,2024-01-18 20:11:19.000,0x6f382c122aa2ec22696bceab0d59adfbadab7d90ada88c617e22c64c981b74dc,0xa238dd80c259a72e81d7e4664a9801593f98d1c5,LiquidationCall,52,0x012567be,0x32f8c8b40b62a73d514e8be0f58074edba533937,0x5d718a6b1b8545fa922c51b76412bc1fc7038129,Aave V3,0x5d718a6b1b8545fa922c51b76412bc1fc7038129,0x2567be418de46ec259f28539c6d036a30a943936,0x89f9680c08e203febb0bff850cc65d075a263c81,0x4200000000000000000000000000000000000006,WETH,2513557321201653,0.002513557321,6.22,0xd9aaec86b65d86f6a7b5b1b0c42ffa531710b6ca,USDbC,00c63309185499f10d50558862cab611,2025-02-26 23:02:58.153,2025-02-26 23:02:58.153
9410158,2024-01-18 20:27:43.000,0x8f1852d53be7984396894163cdea76023e3ef905faeddf344a5d1079b742396a,0xa238dd80c259a72e81d7e4664a9801593f98d1c5,LiquidationCall,15,0x01243605,0x32f8c8b40b62a73d514e8be0f58074edba533937,0x5d718a6b1b8545fa922c51b76412bc1fc7038129,Aave V3,0x5d718a6b1b8545fa922c51b76412bc1fc7038129,0x243605b4d5f8e3eb6aa2a8e6f53902cb3d4b51d4,0x89f9680c08e203febb0bff850cc65d075a263c81,0x4200000000000000000000000000000000000006,WETH,2191861836839245,0.002191861837,5.43,0xd9aaec86b65d86f6a7b5b1b0c42ffa531710b6ca,USDbC,98c57d255002f2228575d5cb5363d3a4,2025-02-26 23:02:58.153,2025-02-26 23:02:58.153
9410452,2024-01-18 20:37:31.000,0x9e3ef9442f377642c6b8068a5c3a41878056b37d37bd799186ce51bc94c4148e,0xa238dd80c259a72e81d7e4664a9801593f98d1c5,LiquidationCall,20,0x013cb8c0,0x32f8c8b40b62a73d514e8be0f58074edba533937,0x5d718a6b1b8545fa922c51b76412bc1fc7038129,Aave V3,0x5d718a6b1b8545fa922c51b76412bc1fc7038129,0x3cb8c0e2ff0bb2c1ecb696e142d5d1f486a3726a,0x278dae6f8543a646924f5b62af2a891536e9e6f2,0x4200000000000000000000000000000000000006,WETH,4062938761247229,0.004062938761,10.06,0xd9aaec86b65d86f6a7b5b1b0c42ffa531710b6ca,USDbC,3e79994ec563005eea5c6d29d39f073c,2025-02-26 23:02:58.153,2025-02-26 23:02:58.153
9410155,2024-01-18 20:27:37.000,0x35d346f27c12c61a0a27c242190c6b28354e53a009930dcd08e964e64774f583,0xa238dd80c259a72e81d7e4664a9801593f98d1c5,LiquidationCall,32,0x0127a93b,0x32f8c8b40b62a73d514e8be0f58074edba533937,0x5d718a6b1b8545fa922c51b76412bc1fc7038129,Aave V3,0x5d718a6b1b8545fa922c51b76412bc1fc7038129,0x27a93b6f76b41660807f1f51781873405cc1a918,0x002c619f0390830e14efea5acec6d9c7093da54b,0x4200000000000000000000000000000000000006,WETH,3793088241989993,0.003793088242,9.39,0xd9aaec86b65d86f6a7b5b1b0c42ffa531710b6ca,USDbC,21d324f655ce893cebe6d3a86da5b6bb,2025-02-26 23:02:58.153,2025-02-26 23:02:58.153
9406109,2024-01-18 18:12:45.000,0x5cd76e4fb663e9f96c770d9fa9fc9d5796bfb29d5d3ed331e4e343f8e53b2193,0xa238dd80c259a72e81d7e4664a9801593f98d1c5,LiquidationCall,14,0x0845a7e9,0x07454c4d1d0a71f49926d68804cb6f65f2607723,0x1b3bcad82c1c5223fe5e6ea0f7a41947d1a01ac2,Aave V3,0x1b3bcad82c1c5223fe5e6ea0f7a41947d1a01ac2,0x652d0537a80113d4b7fcdf33aa469dc387cf7b03,0x89f9680c08e203febb0bff850cc65d075a263c81,0x4200000000000000000000000000000000000006,WETH,40438860590109110,0.04043886059,101.11,0xd9aaec86b65d86f6a7b5b1b0c42ffa531710b6ca,USDbC,67a9e228f3b5decf6b583d842688e933,2025-02-26 23:02:58.153,2025-02-26 23:02:58.153
9410213,2024-01-18 20:29:33.000,0xbe7a5e91c0122fbbc8b0506a0c25b4bea1764d13bc514b744f05dacd6b775282,0xa238dd80c259a72e81d7e4664a9801593f98d1c5,LiquidationCall,34,0x01974885,0x32f8c8b40b62a73d514e8be0f58074edba533937,0x5d718a6b1b8545fa922c51b76412bc1fc7038129,Aave V3,0x5d718a6b1b8545fa922c51b76412bc1fc7038129,0x974885e1ab4c4eab3aa313597b5bedd4a7555a25,0x278dae6f8543a646924f5b62af2a891536e9e6f2,0x4200000000000000000000000000000000000006,WETH,10490704490722628,0.01049070449,25.97,0xd9aaec86b65d86f6a7b5b1b0c42ffa531710b6ca,USDbC,962a2f45c6ad116916f277445b82f929,2025-02-26 23:02:58.153,2025-02-26 23:02:58.153
9410395,2024-01-18 20:35:37.000,0x09eac99277267cbc4aaef75e4ad81235c6f781a15baf82bbd49a015451ee153d,0xa238dd80c259a72e81d7e4664a9801593f98d1c5,LiquidationCall,53,0x018ff417,0x32f8c8b40b62a73d514e8be0f58074edba533937,0x5d718a6b1b8545fa922c51b76412bc1fc7038129,Aave V3,0x5d718a6b1b8545fa922c51b76412bc1fc7038129,0x8ff417dab17c3dfb5fa15b82b87755c5ead2b622,0x48bf8fcd44e2977c8a9a744658431a8e6c0d866c,0x4200000000000000000000000000000000000006,WETH,3842093786339026,0.003842093786,9.51,0xd9aaec86b65d86f6a7b5b1b0c42ffa531710b6ca,USDbC,2479cb632689405856aaa6578c484ea8,2025-02-26 23:02:58.153,2025-02-26 23:02:58.153
9410393,2024-01-18 20:35:33.000,0x965285c119e3c460b3105fd5901bee85bedb7202e776148403580cec6eff09ae,0xa238dd80c259a72e81d7e4664a9801593f98d1c5,LiquidationCall,32,0x01b8b9c0,0x32f8c8b40b62a73d514e8be0f58074edba533937,0x5d718a6b1b8545fa922c51b76412bc1fc7038129,Aave V3,0x5d718a6b1b8545fa922c51b76412bc1fc7038129,0xb8b9c0695bf0c2efa844813d79364ed79449d6c9,0x89f9680c08e203febb0bff850cc65d075a263c81,0x4200000000000000000000000000000000000006,WETH,4993039380038905,0.00499303938,12.36,0xd9aaec86b65d86f6a7b5b1b0c42ffa531710b6ca,USDbC,17e798fb3233b9295584ebdc2cd75278,2025-02-26 23:02:58.153,2025-02-26 23:02:58.153
9404098,2024-01-18 17:05:43.000,0xf3675757669b65c6c2440e646e03d086b829870a01feeb72ea81a4dd37f5536b,0xa238dd80c259a72e81d7e4664a9801593f98d1c5,LiquidationCall,67,0x018d06aa,0x32f8c8b40b62a73d514e8be0f58074edba533937,0x5d718a6b1b8545fa922c51b76412bc1fc7038129,Aave V3,0x5d718a6b1b8545fa922c51b76412bc1fc7038129,0x8d06aa2d16444ca24bc8ac9573fc53b5ab4b59e2,0xd4a0e0b9149bcee3c920d2e00b5de09138fd8bb7,0x4200000000000000000000000000000000000006,WETH,2636182023332449,0.002636182023,6.64,0xd9aaec86b65d86f6a7b5b1b0c42ffa531710b6ca,USDbC,a095afb5286a4e23f32bddf1d8710276,2025-02-26 23:02:58.153,2025-02-26 23:02:58.153
9446745,2024-01-19 16:47:17.000,0xbdb9d5370d694747d61ce68938f8346337b586f18294905e3ecce5d1ba6dedf7,0xa238dd80c259a72e81d7e4664a9801593f98d1c5,LiquidationCall,20,0x015cf399,0x32f8c8b40b62a73d514e8be0f58074edba533937,0x5d718a6b1b8545fa922c51b76412bc1fc7038129,Aave V3,0x5d718a6b1b8545fa922c51b76412bc1fc7038129,0x5cf39917c13903754f36cc7649184033fe89fb72,0xd4a0e0b9149bcee3c920d2e00b5de09138fd8bb7,0x4200000000000000000000000000000000000006,WETH,5670729605821629,0.005670729606,13.98,0xd9aaec86b65d86f6a7b5b1b0c42ffa531710b6ca,USDbC,89cbf582c36f3aea00eda9cadda4c310,2025-02-26 23:02:58.153,2025-02-26 23:02:58.153
9447478,2024-01-19 17:11:43.000,0x4ad7db39c9230de86733f7ccf64df57fc340fc79f8917bb7cfa500c198e8dec7,0xa238dd80c259a72e81d7e4664a9801593f98d1c5,LiquidationCall,36,0x011e3a86,0x32f8c8b40b62a73d514e8be0f58074edba533937,0x5d718a6b1b8545fa922c51b76412bc1fc7038129,Aave V3,0x5d718a6b1b8545fa922c51b76412bc1fc7038129,0x1e3a86bcb1a17429cb561f4b40e1d2bd6f42cb76,0x89f9680c08e203febb0bff850cc65d075a263c81,0x4200000000000000000000000000000000000006,WETH,5555906945020048,0.005555906945,13.68,0xd9aaec86b65d86f6a7b5b1b0c42ffa531710b6ca,USDbC,f9f90e611f540910b6672d0ee2e7b0df,2025-02-26 23:02:58.153,2025-02-26 23:02:58.153
9446654,2024-01-19 16:44:15.000,0x269082ab686c98336ef9fd779816131ddb4c68adcae635f2f55502655f07392e,0xa238dd80c259a72e81d7e4664a9801593f98d1c5,LiquidationCall,31,0x01379a79,0x32f8c8b40b62a73d514e8be0f58074edba533937,0x5d718a6b1b8545fa922c51b76412bc1fc7038129,Aave V3,0x5d718a6b1b8545fa922c51b76412bc1fc7038129,0x379a796ea75e2c0ed84efde51c1932d6cec4533b,0x278dae6f8543a646924f5b62af2a891536e9e6f2,0x4200000000000000000000000000000000000006,WETH,11897233416656790,0.01189723342,29.33,0xd9aaec86b65d86f6a7b5b1b0c42ffa531710b6ca,USDbC,d3f220798eca24aeedb1276000d09f8f,2025-02-26 23:02:58.153,2025-02-26 23:02:58.153
9446579,2024-01-19 16:41:45.000,0x3c17547cc93a5110d648fe4c00a76523bb59930f147dfe93a9880107be91e784,0xa238dd80c259a72e81d7e4664a9801593f98d1c5,LiquidationCall,23,0x0189ecaa,0x32f8c8b40b62a73d514e8be0f58074edba533937,0x5d718a6b1b8545fa922c51b76412bc1fc7038129,Aave V3,0x5d718a6b1b8545fa922c51b76412bc1fc7038129,0x89ecaa503df792ddecfcea38501a33733a1ababd,0x89f9680c08e203febb0bff850cc65d075a263c81,0x4200000000000000000000000000000000000006,WETH,12570955514441120,0.01257095551,30.99,0xd9aaec86b65d86f6a7b5b1b0c42ffa531710b6ca,USDbC,40ce5dd498fb9ea35d0c38e8c5a1204e,2025-02-26 23:02:58.153,2025-02-26 23:02:58.153
9446514,2024-01-19 16:39:35.000,0xe981817c5e3f27bb89401edf306cebc3c919eb276d2c4bbc171aa423ddf06c25,0xa238dd80c259a72e81d7e4664a9801593f98d1c5,LiquidationCall,51,0x01215a32,0x32f8c8b40b62a73d514e8be0f58074edba533937,0x5d718a6b1b8545fa922c51b76412bc1fc7038129,Aave V3,0x5d718a6b1b8545fa922c51b76412bc1fc7038129,0x215a3258a9358389f4913dd01d2fd8719dedd28e,0x278dae6f8543a646924f5b62af2a891536e9e6f2,0x4200000000000000000000000000000000000006,WETH,13691669950078736,0.01369166995,33.75,0xd9aaec86b65d86f6a7b5b1b0c42ffa531710b6ca,USDbC,b28cf387a2d1b159f2004863d71bbe38,2025-02-26 23:02:58.153,2025-02-26 23:02:58.153
9447415,2024-01-19 17:09:37.000,0x6b1a29443510d8dc27d6a8c133d18c4a1d8b43d2e617277cca81e3fee1c5f1ac,0xa238dd80c259a72e81d7e4664a9801593f98d1c5,LiquidationCall,18,0x019f2ce8,0x32f8c8b40b62a73d514e8be0f58074edba533937,0x5d718a6b1b8545fa922c51b76412bc1fc7038129,Aave V3,0x5d718a6b1b8545fa922c51b76412bc1fc7038129,0x9f2ce887d623f2baefcd836ab68f23277db0b3bb,0x278dae6f8543a646924f5b62af2a891536e9e6f2,0x4200000000000000000000000000000000000006,WETH,5749393791839051,0.005749393792,14.16,0xd9aaec86b65d86f6a7b5b1b0c42ffa531710b6ca,USDbC,5ca835d7af8c0c99aac5196f9179cf57,2025-02-26 23:02:58.153,2025-02-26 23:02:58.153
9446672,2024-01-19 16:44:51.000,0xec76ce1e3cece408265357f283151b0456205b568a6bb030509d8c6ee66f94e4,0xa238dd80c259a72e81d7e4664a9801593f98d1c5,LiquidationCall,43,0x016db682,0x32f8c8b40b62a73d514e8be0f58074edba533937,0x5d718a6b1b8545fa922c51b76412bc1fc7038129,Aave V3,0x5d718a6b1b8545fa922c51b76412bc1fc7038129,0x6db682fd2d13364ba467ef25df2ed429f3d8309c,0xd4a0e0b9149bcee3c920d2e00b5de09138fd8bb7,0x4200000000000000000000000000000000000006,WETH,7409767125643809,0.007409767126,18.27,0xd9aaec86b65d86f6a7b5b1b0c42ffa531710b6ca,USDbC,92e50f161f93f011c9bae27095b0fcc8,2025-02-26 23:02:58.153,2025-02-26 23:02:58.153
9446604,2024-01-19 16:42:35.000,0x508391f8bb34e17cb96151415bfcc265f945e0dcd9f4fbab4c3bc0b44c2c23bf,0xa238dd80c259a72e81d7e4664a9801593f98d1c5,LiquidationCall,35,0x014f81cf,0x32f8c8b40b62a73d514e8be0f58074edba533937,0x5d718a6b1b8545fa922c51b76412bc1fc7038129,Aave V3,0x5d718a6b1b8545fa922c51b76412bc1fc7038129,0x4f81cf0ea6bd4157736f1a71c15567201cd842ba,0x278dae6f8543a646924f5b62af2a891536e9e6f2,0x4200000000000000000000000000000000000006,WETH,6019740574207217,0.006019740574,14.84,0xd9aaec86b65d86f6a7b5b1b0c42ffa531710b6ca,USDbC,ba0dacbc520fb03495a27d929f7e390c,2025-02-26 23:02:58.153,2025-02-26 23:02:58.153
9447493,2024-01-19 17:12:13.000,0xdfd865823c408affa57938c8461a143b4e731cd268bb0ecc794eb1509253cdf6,0xa238dd80c259a72e81d7e4664a9801593f98d1c5,LiquidationCall,21,0x015e4d79,0x32f8c8b40b62a73d514e8be0f58074edba533937,0x5d718a6b1b8545fa922c51b76412bc1fc7038129,Aave V3,0x5d718a6b1b8545fa922c51b76412bc1fc7038129,0x5e4d79ead3f53a22b0e25c7bc160e4a55a15739b,0xd4a0e0b9149bcee3c920d2e00b5de09138fd8bb7,0x4200000000000000000000000000000000000006,WETH,14806158451798130,0.01480615845,36.46,0xd9aaec86b65d86f6a7b5b1b0c42ffa531710b6ca,USDbC,ea79b71f4c8793cffabbb1fae55ef732,2025-02-26 23:02:58.153,2025-02-26 23:02:58.153
9447475,2024-01-19 17:11:37.000,0x61bb85fec2efd019ce012f0f166344b94fe4f732fea660c89f63dedd1518e81d,0xa238dd80c259a72e81d7e4664a9801593f98d1c5,LiquidationCall,22,0x0118ef34,0x32f8c8b40b62a73d514e8be0f58074edba533937,0x5d718a6b1b8545fa922c51b76412bc1fc7038129,Aave V3,0x5d718a6b1b8545fa922c51b76412bc1fc7038129,0x18ef34b73d2758a366c5ff59f940e6369860c1be,0x278dae6f8543a646924f5b62af2a891536e9e6f2,0x4200000000000000000000000000000000000006,WETH,5752911898796245,0.005752911899,14.17,0xd9aaec86b65d86f6a7b5b1b0c42ffa531710b6ca,USDbC,b693eae08fc25004fa2307c439586d27,2025-02-26 23:02:58.153,2025-02-26 23:02:58.153
9446650,2024-01-19 16:44:07.000,0x44f12c51e67bda87a7c3a7d3bcb4e6a2ef786839eb58c1f5bf2cf3423d22526a,0xa238dd80c259a72e81d7e4664a9801593f98d1c5,LiquidationCall,19,0x01b909eb,0x32f8c8b40b62a73d514e8be0f58074edba533937,0x5d718a6b1b8545fa922c51b76412bc1fc7038129,Aave V3,0x5d718a6b1b8545fa922c51b76412bc1fc7038129,0xb909ebeceb0d2d85d2d5efbc2bb8b906ceb3d19f,0x48bf8fcd44e2977c8a9a744658431a8e6c0d866c,0x4200000000000000000000000000000000000006,WETH,10148449848596846,0.01014844985,25.02,0xd9aaec86b65d86f6a7b5b1b0c42ffa531710b6ca,USDbC,9a659c68878f081fdcd490918adcbdc9,2025-02-26 23:02:58.153,2025-02-26 23:02:58.153
9446642,2024-01-19 16:43:51.000,0xbef27f3f95988827f7c3b1b929ba7504232688f9a40eb8aac7ad63a609aedd4f,0xa238dd80c259a72e81d7e4664a9801593f98d1c5,LiquidationCall,49,0x01dffae6,0x32f8c8b40b62a73d514e8be0f58074edba533937,0x5d718a6b1b8545fa922c51b76412bc1fc7038129,Aave V3,0x5d718a6b1b8545fa922c51b76412bc1fc7038129,0xdffae66799832fb7758d4b5b8cd9077fd3c2fce8,0x278dae6f8543a646924f5b62af2a891536e9e6f2,0x4200000000000000000000000000000000000006,WETH,8716143691562732,0.008716143692,21.49,0xd9aaec86b65d86f6a7b5b1b0c42ffa531710b6ca,USDbC,81fef3b6c9f9346914106cc70ba2c840,2025-02-26 23:02:58.153,2025-02-26 23:02:58.153
9446587,2024-01-19 16:42:01.000,0x6d61dfacf33337f284fbc08261eb86ed1695465ad3d1490513f15072ad2fd276,0xa238dd80c259a72e81d7e4664a9801593f98d1c5,LiquidationCall,35,0x017ff869,0x32f8c8b40b62a73d514e8be0f58074edba533937,0x5d718a6b1b8545fa922c51b76412bc1fc7038129,Aave V3,0x5d718a6b1b8545fa922c51b76412bc1fc7038129,0x7ff8691e8db8c2d9d4e3a8d7edd823e2744c5de0,0x89f9680c08e203febb0bff850cc65d075a263c81,0x4200000000000000000000000000000000000006,WETH,15243063584441016,0.01524306358,37.58,0xd9aaec86b65d86f6a7b5b1b0c42ffa531710b6ca,USDbC,1ec7ccfc81cc04e3f053a89407460dc2,2025-02-26 23:02:58.153,2025-02-26 23:02:58.153
9446506,2024-01-19 16:39:19.000,0x17662e7a54c99567f4319829a3018205a3b61986b2cb802063950af6d15f2946,0xa238dd80c259a72e81d7e4664a9801593f98d1c5,LiquidationCall,20,0x01748920,0x32f8c8b40b62a73d514e8be0f58074edba533937,0x5d718a6b1b8545fa922c51b76412bc1fc7038129,Aave V3,0x5d718a6b1b8545fa922c51b76412bc1fc7038129,0x748920e3ba5139e413758f3f23a6ecfbb929c8f8,0x89f9680c08e203febb0bff850cc65d075a263c81,0x4200000000000000000000000000000000000006,WETH,10501936121161938,0.01050193612,25.89,0xd9aaec86b65d86f6a7b5b1b0c42ffa531710b6ca,USDbC,fe8c508fb18ca5e012f64b05ad977490,2025-02-26 23:02:58.153,2025-02-26 23:02:58.153
9446705,2024-01-19 16:45:57.000,0xb640a9f36665f00affd002b40f672dc8508c0a02bebd29f3843246acfe16f286,0xa238dd80c259a72e81d7e4664a9801593f98d1c5,LiquidationCall,38,0x01fb6464,0x32f8c8b40b62a73d514e8be0f58074edba533937,0x5d718a6b1b8545fa922c51b76412bc1fc7038129,Aave V3,0x5d718a6b1b8545fa922c51b76412bc1fc7038129,0xfb64642cda97d87454bf5c6210d7e916eaa54312,0x89f9680c08e203febb0bff850cc65d075a263c81,0x4200000000000000000000000000000000000006,WETH,8273476597269478,0.008273476597,20.4,0xd9aaec86b65d86f6a7b5b1b0c42ffa531710b6ca,USDbC,a41a3478061ef00678d244ac8e01edd6,2025-02-26 23:02:58.153,2025-02-26 23:02:58.153
9446661,2024-01-19 16:44:29.000,0xa3d19a6e465fa56d62fb52a00374316eafad3a16f1b1c10fdc3a432c61249eed,0xa238dd80c259a72e81d7e4664a9801593f98d1c5,LiquidationCall,22,0x010a5788,0x32f8c8b40b62a73d514e8be0f58074edba533937,0x5d718a6b1b8545fa922c51b76412bc1fc7038129,Aave V3,0x5d718a6b1b8545fa922c51b76412bc1fc7038129,0x0a578888c9ad108c03f4089d42738bbef43bd7be,0x278dae6f8543a646924f5b62af2a891536e9e6f2,0x4200000000000000000000000000000000000006,WETH,4332372374479389,0.004332372374,10.68,0xd9aaec86b65d86f6a7b5b1b0c42ffa531710b6ca,USDbC,e612bf24139bbe1c7410ddc4741d3e13,2025-02-26 23:02:58.153,2025-02-26 23:02:58.153
9446740,2024-01-19 16:47:07.000,0xc01343082129217e6dd22c8d22b912b39162e100257236a6203e2a7435861791,0xa238dd80c259a72e81d7e4664a9801593f98d1c5,LiquidationCall,17,0x0156435b,0x32f8c8b40b62a73d514e8be0f58074edba533937,0x5d718a6b1b8545fa922c51b76412bc1fc7038129,Aave V3,0x5d718a6b1b8545fa922c51b76412bc1fc7038129,0x56435b2f4928cd57b6395feaefd7bf26ff518bd0,0xd4a0e0b9149bcee3c920d2e00b5de09138fd8bb7,0x4200000000000000000000000000000000000006,WETH,8730479420528132,0.008730479421,21.52,0xd9aaec86b65d86f6a7b5b1b0c42ffa531710b6ca,USDbC,b2b8ca1f2b472c632b2ac65f4c9c669d,2025-02-26 23:02:58.153,2025-02-26 23:02:58.153
9446734,2024-01-19 16:46:55.000,0x1c67cd8e6bd0f78232f15a51fe1a8380f15515179765a1685d1a07270d31695d,0xa238dd80c259a72e81d7e4664a9801593f98d1c5,LiquidationCall,17,0x015a51b6,0x32f8c8b40b62a73d514e8be0f58074edba533937,0x5d718a6b1b8545fa922c51b76412bc1fc7038129,Aave V3,0x5d718a6b1b8545fa922c51b76412bc1fc7038129,0x5a51b6901e0ffb01582b23f5eabf255f18397202,0x002c619f0390830e14efea5acec6d9c7093da54b,0x4200000000000000000000000000000000000006,WETH,2670234531180280,0.002670234531,6.58,0xd9aaec86b65d86f6a7b5b1b0c42ffa531710b6ca,USDbC,71fa8b7b4fe8fd9dce0df5e141a147d4,2025-02-26 23:02:58.153,2025-02-26 23:02:58.153
9446711,2024-01-19 16:46:09.000,0x84398a08f76127e282d700ea90ad28e83d654cb4fe017f5e0aadd14d7c46953a,0xa238dd80c259a72e81d7e4664a9801593f98d1c5,LiquidationCall,64,0x01d483ee,0x32f8c8b40b62a73d514e8be0f58074edba533937,0x5d718a6b1b8545fa922c51b76412bc1fc7038129,Aave V3,0x5d718a6b1b8545fa922c51b76412bc1fc7038129,0xd483ee30a9a3537bb7df1dde8c80cd7ebb5c91e8,0x89f9680c08e203febb0bff850cc65d075a263c81,0x4200000000000000000000000000000000000006,WETH,2960846690930509,0.002960846691,7.3,0xd9aaec86b65d86f6a7b5b1b0c42ffa531710b6ca,USDbC,a8eb2b2c1c6f38a790fcc87584eda494,2025-02-26 23:02:58.153,2025-02-26 23:02:58.153
9446719,2024-01-19 16:46:25.000,0x6ff8e2aed8296e8042faaeb280509978954071cc0b1148c430624999a995e399,0xa238dd80c259a72e81d7e4664a9801593f98d1c5,LiquidationCall,27,0x014a6bb4,0x32f8c8b40b62a73d514e8be0f58074edba533937,0x5d718a6b1b8545fa922c51b76412bc1fc7038129,Aave V3,0x5d718a6b1b8545fa922c51b76412bc1fc7038129,0x4a6bb40601344bc4875f803c589b15b617c42b08,0x278dae6f8543a646924f5b62af2a891536e9e6f2,0x4200000000000000000000000000000000000006,WETH,2802133648043120,0.002802133648,6.91,0xd9aaec86b65d86f6a7b5b1b0c42ffa531710b6ca,USDbC,89cfa1709b1676af93a890850af6cbfd,2025-02-26 23:02:58.153,2025-02-26 23:02:58.153
9446715,2024-01-19 16:46:17.000,0xd4133bc6301a6306d0a9e8d809c5a5b0248283447166e47fa27de3c4b4147409,0xa238dd80c259a72e81d7e4664a9801593f98d1c5,LiquidationCall,25,0x0179a1de,0x32f8c8b40b62a73d514e8be0f58074edba533937,0x5d718a6b1b8545fa922c51b76412bc1fc7038129,Aave V3,0x5d718a6b1b8545fa922c51b76412bc1fc7038129,0x79a1dee2ad126235d4ef0bd5569c80331a456083,0x278dae6f8543a646924f5b62af2a891536e9e6f2,0x4200000000000000000000000000000000000006,WETH,6326022204502385,0.006326022205,15.59,0xd9aaec86b65d86f6a7b5b1b0c42ffa531710b6ca,USDbC,34bdefc2e592f8f658d7787f94c459c7,2025-02-26 23:02:58.153,2025-02-26 23:02:58.153
9446522,2024-01-19 16:39:51.000,0x67b2f075dbc79dce0e0b17a5f6c1a28fba15f53afd2a5251cb2a5c188dfdd855,0xa238dd80c259a72e81d7e4664a9801593f98d1c5,LiquidationCall,56,0x01c80e07,0x32f8c8b40b62a73d514e8be0f58074edba533937,0x5d718a6b1b8545fa922c51b76412bc1fc7038129,Aave V3,0x5d718a6b1b8545fa922c51b76412bc1fc7038129,0xc80e070358167962d35c640bf85ee9987e58466c,0x278dae6f8543a646924f5b62af2a891536e9e6f2,0x4200000000000000000000000000000000000006,WETH,9113616793742244,0.009113616794,22.47,0xd9aaec86b65d86f6a7b5b1b0c42ffa531710b6ca,USDbC,ece33d2b60240543c1a8e72cd52bccff,2025-02-26 23:02:58.153,2025-02-26 23:02:58.153
9446701,2024-01-19 16:45:49.000,0x9cb6014ddac498b2726b52569e86467025a2b350d23f2e9452bc6c2865bf370e,0xa238dd80c259a72e81d7e4664a9801593f98d1c5,LiquidationCall,62,0x011a65df,0x32f8c8b40b62a73d514e8be0f58074edba533937,0x5d718a6b1b8545fa922c51b76412bc1fc7038129,Aave V3,0x5d718a6b1b8545fa922c51b76412bc1fc7038129,0x1a65dfe3497c2b2cb82982244d308e28194ac200,0x278dae6f8543a646924f5b62af2a891536e9e6f2,0x4200000000000000000000000000000000000006,WETH,6894550447134978,0.006894550447,17,0xd9aaec86b65d86f6a7b5b1b0c42ffa531710b6ca,USDbC,b99a16e37e4948ccafef7afe7a82c949,2025-02-26 23:02:58.153,2025-02-26 23:02:58.153
9447355,2024-01-19 17:07:37.000,0x64e7ae3b4bd4201d85f520e54f1db66853e8527b1e2788e8d31db0da4545ecdb,0xa238dd80c259a72e81d7e4664a9801593f98d1c5,LiquidationCall,33,0x0171ea8d,0x32f8c8b40b62a73d514e8be0f58074edba533937,0x5d718a6b1b8545fa922c51b76412bc1fc7038129,Aave V3,0x5d718a6b1b8545fa922c51b76412bc1fc7038129,0x71ea8d9268d787f1beb0aea76b1b2a178c5cfe9c,0x89f9680c08e203febb0bff850cc65d075a263c81,0x4200000000000000000000000000000000000006,WETH,2801874882183215,0.002801874882,6.9,0xd9aaec86b65d86f6a7b5b1b0c42ffa531710b6ca,USDbC,537de16b6f1140a4b6702ac41fb53bf8,2025-02-26 23:02:58.153,2025-02-26 23:02:58.153
9446749,2024-01-19 16:47:25.000,0x7400c99a8a742a2e6571514a574931ef453c4cc32f5d051995a25983ca04258c,0xa238dd80c259a72e81d7e4664a9801593f98d1c5,LiquidationCall,58,0x012d7434,0x32f8c8b40b62a73d514e8be0f58074edba533937,0x5d718a6b1b8545fa922c51b76412bc1fc7038129,Aave V3,0x5d718a6b1b8545fa922c51b76412bc1fc7038129,0x2d7434aaae5140caaef7d0d4bd98d9a37f330e67,0x89f9680c08e203febb0bff850cc65d075a263c81,0x4200000000000000000000000000000000000006,WETH,5722573528184802,0.005722573528,14.11,0xd9aaec86b65d86f6a7b5b1b0c42ffa531710b6ca,USDbC,b88a8786fd0415dc6de384ad69248827,2025-02-26 23:02:58.153,2025-02-26 23:02:58.153
9446597,2024-01-19 16:42:21.000,0x07f69434e867d24ed407216ff0a8eb88499ced97298c896e00c7394d5a91561d,0xa238dd80c259a72e81d7e4664a9801593f98d1c5,LiquidationCall,25,0x01272f6c,0x32f8c8b40b62a73d514e8be0f58074edba533937,0x5d718a6b1b8545fa922c51b76412bc1fc7038129,Aave V3,0x5d718a6b1b8545fa922c51b76412bc1fc7038129,0x272f6c5b6da9cb5fff25e795ddf4ac1147e7eadf,0x278dae6f8543a646924f5b62af2a891536e9e6f2,0x4200000000000000000000000000000000000006,WETH,6173093985513622,0.006173093986,15.22,0xd9aaec86b65d86f6a7b5b1b0c42ffa531710b6ca,USDbC,bcefb3d447c92539c85510c4d4456a01,2025-02-26 23:02:58.153,2025-02-26 23:02:58.153
9447347,2024-01-19 17:07:21.000,0x3331929cce1aa35f95c6d89b416e551b9814f50645f6a7be518f9095b24dd4fb,0xa238dd80c259a72e81d7e4664a9801593f98d1c5,LiquidationCall,31,0x01470bd0,0x32f8c8b40b62a73d514e8be0f58074edba533937,0x5d718a6b1b8545fa922c51b76412bc1fc7038129,Aave V3,0x5d718a6b1b8545fa922c51b76412bc1fc7038129,0x470bd02712ada0b1c583d2292bfa523575e3bab6,0x89f9680c08e203febb0bff850cc65d075a263c81,0x4200000000000000000000000000000000000006,WETH,6950463674843709,0.006950463675,17.12,0xd9aaec86b65d86f6a7b5b1b0c42ffa531710b6ca,USDbC,490fb62f4b67d0e0edfc02f8a5b15c2d,2025-02-26 23:02:58.153,2025-02-26 23:02:58.153
9446764,2024-01-19 16:47:55.000,0x61dc69966d70886a6d5f47af57845197a52b1fb59cafee1b7fec5cf309dd63e5,0xa238dd80c259a72e81d7e4664a9801593f98d1c5,LiquidationCall,19,0x019198e0,0x32f8c8b40b62a73d514e8be0f58074edba533937,0x5d718a6b1b8545fa922c51b76412bc1fc7038129,Aave V3,0x5d718a6b1b8545fa922c51b76412bc1fc7038129,0x9198e0ffeb5e04497c51957d61293f5c67b03353,0x89f9680c08e203febb0bff850cc65d075a263c81,0x4200000000000000000000000000000000000006,WETH,6646709728398482,0.006646709728,16.39,0xd9aaec86b65d86f6a7b5b1b0c42ffa531710b6ca,USDbC,cd23e97e97fdd5d882ff65e478303694,2025-02-26 23:02:58.153,2025-02-26 23:02:58.153
9446569,2024-01-19 16:41:25.000,0xc1ef1eb4dd6f8a522cb46887fc2e4cd93ec766e017ec0b8c3d6a42093cea2edb,0xa238dd80c259a72e81d7e4664a9801593f98d1c5,LiquidationCall,39,0x01cdbc88,0x32f8c8b40b62a73d514e8be0f58074edba533937,0x5d718a6b1b8545fa922c51b76412bc1fc7038129,Aave V3,0x5d718a6b1b8545fa922c51b76412bc1fc7038129,0xcdbc88dd3a3f44269dcac04e0f75e9068000fa97,0x89f9680c08e203febb0bff850cc65d075a263c81,0x4200000000000000000000000000000000000006,WETH,12071073230598942,0.01207107323,29.76,0xd9aaec86b65d86f6a7b5b1b0c42ffa531710b6ca,USDbC,73a44f1f4b2ed74ee2221d0877d48259,2025-02-26 23:02:58.153,2025-02-26 23:02:58.153
9446520,2024-01-19 16:39:47.000,0x9fb516767b7e34626b9132ee87d9baef15e1b91d98d63d2993fa59dcd003a9b9,0xa238dd80c259a72e81d7e4664a9801593f98d1c5,LiquidationCall,24,0x017021da,0x32f8c8b40b62a73d514e8be0f58074edba533937,0x5d718a6b1b8545fa922c51b76412bc1fc7038129,Aave V3,0x5d718a6b1b8545fa922c51b76412bc1fc7038129,0x7021da4c7aa1a779ec3190d013bc60444bc537d8,0x278dae6f8543a646924f5b62af2a891536e9e6f2,0x4200000000000000000000000000000000000006,WETH,6807990179566103,0.00680799018,16.78,0xd9aaec86b65d86f6a7b5b1b0c42ffa531710b6ca,USDbC,2de0dcdeffaff71cdc6f1d80fe834e33,2025-02-26 23:02:58.153,2025-02-26 23:02:58.153
9447483,2024-01-19 17:11:53.000,0x94bb7d5e9ca47e8c3eaeae357ec680b63b83fd1f1a981474fbba0ba0472ee62d,0xa238dd80c259a72e81d7e4664a9801593f98d1c5,LiquidationCall,14,0x0184d98d,0x32f8c8b40b62a73d514e8be0f58074edba533937,0x5d718a6b1b8545fa922c51b76412bc1fc7038129,Aave V3,0x5d718a6b1b8545fa922c51b76412bc1fc7038129,0x84d98dfaccc426a475c8beba252767fa9f659fa0,0x89f9680c08e203febb0bff850cc65d075a263c81,0x4200000000000000000000000000000000000006,WETH,7321344794287530,0.007321344794,18.03,0xd9aaec86b65d86f6a7b5b1b0c42ffa531710b6ca,USDbC,2e78ce246600b9a0119fe998fe9557b5,2025-02-26 23:02:58.153,2025-02-26 23:02:58.153
9457436,2024-01-19 22:43:39.000,0xb3ece96551475c5883374603bd285ee8aa0ac5822deee4fdea6c04e8857b6b55,0xa238dd80c259a72e81d7e4664a9801593f98d1c5,LiquidationCall,20,0x00a718a9,0x594efbe5a71a10a958d812b4c65f3dfa60922a15,0xa238dd80c259a72e81d7e4664a9801593f98d1c5,Aave V3,0x594efbe5a71a10a958d812b4c65f3dfa60922a15,0xd2009a44a4dcd4976ab959b21b675b8786e1a9a3,0x89f9680c08e203febb0bff850cc65d075a263c81,0x4200000000000000000000000000000000000006,WETH,11789650154529172,0.01178965015,29.31,0xd9aaec86b65d86f6a7b5b1b0c42ffa531710b6ca,USDbC,a4c5d1144c52963a9b06b005a37397b7,2025-02-26 23:02:58.153,2025-02-26 23:02:58.153
9581382,2024-01-22 19:35:11.000,0x7334e5b4ce134c6a089a84876c8315fed6b85f56797b7fc111fbc173e5ff5a77,0xa238dd80c259a72e81d7e4664a9801593f98d1c5,LiquidationCall,23,0x01ab30ae,0x32f8c8b40b62a73d514e8be0f58074edba533937,0x5d718a6b1b8545fa922c51b76412bc1fc7038129,Aave V3,0x5d718a6b1b8545fa922c51b76412bc1fc7038129,0xab30aea39e496a3a17f8b69ddc6e28b98608f4e9,0x278dae6f8543a646924f5b62af2a891536e9e6f2,0x4200000000000000000000000000000000000006,WETH,2965493307012403,0.002965493307,7.03,0xd9aaec86b65d86f6a7b5b1b0c42ffa531710b6ca,USDbC,ec9e720569c92042b80586874c31cd1f,2025-02-26 23:02:58.153,2025-02-26 23:02:58.153
9561755,2024-01-22 08:40:57.000,0xdff5cb059d9a6fa87a88f2581e6f42151f597b582010c687fe88f9b3f8b35bbe,0xa238dd80c259a72e81d7e4664a9801593f98d1c5,LiquidationCall,51,0x01f6c108,0x32f8c8b40b62a73d514e8be0f58074edba533937,0x5d718a6b1b8545fa922c51b76412bc1fc7038129,Aave V3,0x5d718a6b1b8545fa922c51b76412bc1fc7038129,0xf6c108729b1ef1449cd414238bc01d3f0d818818,0x89f9680c08e203febb0bff850cc65d075a263c81,0x4200000000000000000000000000000000000006,WETH,5193788682685729,0.005193788683,12.6,0xd9aaec86b65d86f6a7b5b1b0c42ffa531710b6ca,USDbC,6760acb010721bc3d7c0ddbc91f106e9,2025-02-26 23:02:58.153,2025-02-26 23:02:58.153
9565098,2024-01-22 10:32:23.000,0xd50bc10703480c0fe8123f97fb221923ef3b1255077c338a1a3035d041db4e79,0xa238dd80c259a72e81d7e4664a9801593f98d1c5,LiquidationCall,97,0x0155f720,0x32f8c8b40b62a73d514e8be0f58074edba533937,0x5d718a6b1b8545fa922c51b76412bc1fc7038129,Aave V3,0x5d718a6b1b8545fa922c51b76412bc1fc7038129,0x55f720f45bda6ec736a31259dd771b40cc98bec7,0x002c619f0390830e14efea5acec6d9c7093da54b,0x4200000000000000000000000000000000000006,WETH,5721132902958709,0.005721132903,13.84,0xd9aaec86b65d86f6a7b5b1b0c42ffa531710b6ca,USDbC,7e3108163972be621a1b40ff358fff81,2025-02-26 23:02:58.153,2025-02-26 23:02:58.153
9581257,2024-01-22 19:31:01.000,0x58a5826d93cdf25a0a20df8cefd88a3af06b47a54597cd5e3ceace55aa423a6e,0xa238dd80c259a72e81d7e4664a9801593f98d1c5,LiquidationCall,34,0x01e229a0,0x32f8c8b40b62a73d514e8be0f58074edba533937,0x5d718a6b1b8545fa922c51b76412bc1fc7038129,Aave V3,0x5d718a6b1b8545fa922c51b76412bc1fc7038129,0xe229a0bde257e74fe85415e7d0d0474e32a64cb9,0x89f9680c08e203febb0bff850cc65d075a263c81,0x4200000000000000000000000000000000000006,WETH,19925771986521428,0.01992577199,47.21,0xd9aaec86b65d86f6a7b5b1b0c42ffa531710b6ca,USDbC,5aa8524abaaef936317c41ce341534e2,2025-02-26 23:02:58.153,2025-02-26 23:02:58.153
9572860,2024-01-22 14:51:07.000,0x049941969aeb59f2a69a85439ed8a5593502298351a9a8310c3943fe007d6e75,0xa238dd80c259a72e81d7e4664a9801593f98d1c5,LiquidationCall,20,0x01cfa1c4,0x32f8c8b40b62a73d514e8be0f58074edba533937,0x5d718a6b1b8545fa922c51b76412bc1fc7038129,Aave V3,0x5d718a6b1b8545fa922c51b76412bc1fc7038129,0xcfa1c485fa3fa0d6fd555d82109b2393d3bfaf10,0x89f9680c08e203febb0bff850cc65d075a263c81,0x4200000000000000000000000000000000000006,WETH,5007569592243335,0.005007569592,11.89,0xd9aaec86b65d86f6a7b5b1b0c42ffa531710b6ca,USDbC,ff54e547e8e661fcd6bf1f7e04b83f7b,2025-02-26 23:02:58.153,2025-02-26 23:02:58.153
9573587,2024-01-22 15:15:21.000,0x4acb0bab374a1d7b04125a382b43be98219330583bca7bc86e7ae0531118d4f9,0xa238dd80c259a72e81d7e4664a9801593f98d1c5,LiquidationCall,34,0x017f4e33,0x32f8c8b40b62a73d514e8be0f58074edba533937,0x5d718a6b1b8545fa922c51b76412bc1fc7038129,Aave V3,0x5d718a6b1b8545fa922c51b76412bc1fc7038129,0x7f4e338ec679c37e0ab3aed93ac5bedb6754e472,0x89f9680c08e203febb0bff850cc65d075a263c81,0x4200000000000000000000000000000000000006,WETH,9879726212490204,0.009879726212,23.61,0xd9aaec86b65d86f6a7b5b1b0c42ffa531710b6ca,USDbC,e7b8214b51b7b40c8a2cc4161435315a,2025-02-26 23:02:58.153,2025-02-26 23:02:58.153
9581378,2024-01-22 19:35:03.000,0x8b3f3805ce91f15b137fa6e4e011472a8208052d8f20cdef08e36e15910adeb1,0xa238dd80c259a72e81d7e4664a9801593f98d1c5,LiquidationCall,24,0x019c4376,0x32f8c8b40b62a73d514e8be0f58074edba533937,0x5d718a6b1b8545fa922c51b76412bc1fc7038129,Aave V3,0x5d718a6b1b8545fa922c51b76412bc1fc7038129,0x9c4376ff71bda41479fee5ad47ba027958c10c76,0xd4a0e0b9149bcee3c920d2e00b5de09138fd8bb7,0x4200000000000000000000000000000000000006,WETH,4373449732544663,0.004373449733,10.36,0xd9aaec86b65d86f6a7b5b1b0c42ffa531710b6ca,USDbC,2655970ed2d514ce974fc7f0feda73b1,2025-02-26 23:02:58.153,2025-02-26 23:02:58.153
9581321,2024-01-22 19:33:09.000,0x0c75568fc3e2557f6c7f491b984a059b5088232846134b19944d48b1d9501f5b,0xa238dd80c259a72e81d7e4664a9801593f98d1c5,LiquidationCall,37,0x0164a969,0x32f8c8b40b62a73d514e8be0f58074edba533937,0x5d718a6b1b8545fa922c51b76412bc1fc7038129,Aave V3,0x5d718a6b1b8545fa922c51b76412bc1fc7038129,0x64a969e45e80ec11bcc8973c9dabc4318a24fc84,0x89f9680c08e203febb0bff850cc65d075a263c81,0x4200000000000000000000000000000000000006,WETH,15123589952280940,0.01512358995,35.83,0xd9aaec86b65d86f6a7b5b1b0c42ffa531710b6ca,USDbC,80872184fa7e42f9a871f12fdd94e5a7,2025-02-26 23:02:58.153,2025-02-26 23:02:58.153
9565096,2024-01-22 10:32:19.000,0x4a82d13c1529626162f2a1678b259dc527dcfe6fdd6cae513341b75b1d0d796f,0xa238dd80c259a72e81d7e4664a9801593f98d1c5,LiquidationCall,30,0x0150226e,0x32f8c8b40b62a73d514e8be0f58074edba533937,0x5d718a6b1b8545fa922c51b76412bc1fc7038129,Aave V3,0x5d718a6b1b8545fa922c51b76412bc1fc7038129,0x50226edc1ca64f0a7652013c763f3475b6f27486,0x89f9680c08e203febb0bff850cc65d075a263c81,0x4200000000000000000000000000000000000006,WETH,12397167449850680,0.01239716745,29.99,0xd9aaec86b65d86f6a7b5b1b0c42ffa531710b6ca,USDbC,60cab0b40676c3f6264e91a60aeb8b75,2025-02-26 23:02:58.153,2025-02-26 23:02:58.153
9573341,2024-01-22 15:07:09.000,0x1801d4fe61c85885a3dceadfba5661d4b714eb9c2071746c83c028e0422fc36b,0xa238dd80c259a72e81d7e4664a9801593f98d1c5,LiquidationCall,27,0x019faef9,0x32f8c8b40b62a73d514e8be0f58074edba533937,0x5d718a6b1b8545fa922c51b76412bc1fc7038129,Aave V3,0x5d718a6b1b8545fa922c51b76412bc1fc7038129,0x9faef9d802f28979943e16a3ce0c2ad8089f6bf9,0xd4a0e0b9149bcee3c920d2e00b5de09138fd8bb7,0x4200000000000000000000000000000000000006,WETH,7642208434894936,0.007642208435,18.26,0xd9aaec86b65d86f6a7b5b1b0c42ffa531710b6ca,USDbC,1adfe9814c70d2778f358f29664dfd2a,2025-02-26 23:02:58.153,2025-02-26 23:02:58.153
9565036,2024-01-22 10:30:19.000,0x844a3da94c6b04807270be5bfe4a76819717fc6780b2c3c9523f95156a3b1796,0xa238dd80c259a72e81d7e4664a9801593f98d1c5,LiquidationCall,41,0x0111c420,0x32f8c8b40b62a73d514e8be0f58074edba533937,0x5d718a6b1b8545fa922c51b76412bc1fc7038129,Aave V3,0x5d718a6b1b8545fa922c51b76412bc1fc7038129,0x11c420fc4a7c54cf74b443f34b77a5261184b7c7,0x278dae6f8543a646924f5b62af2a891536e9e6f2,0x4200000000000000000000000000000000000006,WETH,6391755817236138,0.006391755817,15.46,0xd9aaec86b65d86f6a7b5b1b0c42ffa531710b6ca,USDbC,10ef0f654ae5dcc3f0d36283d045d00d,2025-02-26 23:02:58.153,2025-02-26 23:02:58.153
9573819,2024-01-22 15:23:05.000,0xc7ea0ca938e27bad69466c72f0e7d702bb6065b977429040d4d3ec8d922ee9b6,0xa238dd80c259a72e81d7e4664a9801593f98d1c5,LiquidationCall,32,0x01b22a4e,0x32f8c8b40b62a73d514e8be0f58074edba533937,0x5d718a6b1b8545fa922c51b76412bc1fc7038129,Aave V3,0x5d718a6b1b8545fa922c51b76412bc1fc7038129,0xb22a4e3afd9dc16aa4af388f8ceccb483e7e6cc0,0x48bf8fcd44e2977c8a9a744658431a8e6c0d866c,0x4200000000000000000000000000000000000006,WETH,4269113586153009,0.004269113586,10.2,0xd9aaec86b65d86f6a7b5b1b0c42ffa531710b6ca,USDbC,43aa69154a69fc4d4f4434b15cd3da6b,2025-02-26 23:02:58.153,2025-02-26 23:02:58.153
9573284,2024-01-22 15:05:15.000,0x6b00fc6f7e0a7e85247833a479a73a186fe53a2cb7135554dfa5784afd181789,0xa238dd80c259a72e81d7e4664a9801593f98d1c5,LiquidationCall,127,0x017e39ec,0x32f8c8b40b62a73d514e8be0f58074edba533937,0x5d718a6b1b8545fa922c51b76412bc1fc7038129,Aave V3,0x5d718a6b1b8545fa922c51b76412bc1fc7038129,0x7e39ec65f829bb74dbee6938884b40d11f28cf8a,0x002c619f0390830e14efea5acec6d9c7093da54b,0x4200000000000000000000000000000000000006,WETH,10572097674798568,0.01057209767,25.26,0xd9aaec86b65d86f6a7b5b1b0c42ffa531710b6ca,USDbC,979bbf4009da62aed816ad57374a69c1,2025-02-26 23:02:58.153,2025-02-26 23:02:58.153
9564972,2024-01-22 10:28:11.000,0xc3962f2f6df520834086171e25781310c17d3c6c2cca9bf2805f0ba1cad7d72d,0xa238dd80c259a72e81d7e4664a9801593f98d1c5,LiquidationCall,95,0x013186a0,0x32f8c8b40b62a73d514e8be0f58074edba533937,0x5d718a6b1b8545fa922c51b76412bc1fc7038129,Aave V3,0x5d718a6b1b8545fa922c51b76412bc1fc7038129,0x3186a0c5f48574fdd8832614940d3df722cfe3db,0x89f9680c08e203febb0bff850cc65d075a263c81,0x4200000000000000000000000000000000000006,WETH,5944122384269921,0.005944122384,14.38,0xd9aaec86b65d86f6a7b5b1b0c42ffa531710b6ca,USDbC,75d57e52cf8d11b84c2a3b6e81925b01,2025-02-26 23:02:58.153,2025-02-26 23:02:58.153
9574085,2024-01-22 15:31:57.000,0x96e07bfe989c629c1ade41375f1d6932ac1d77ceb108340f15aa2fea6ef551ae,0xa238dd80c259a72e81d7e4664a9801593f98d1c5,LiquidationCall,28,0x0182ec75,0x32f8c8b40b62a73d514e8be0f58074edba533937,0x5d718a6b1b8545fa922c51b76412bc1fc7038129,Aave V3,0x5d718a6b1b8545fa922c51b76412bc1fc7038129,0x82ec75538e95f7de62217a2d0b073f1b6f1324df,0xd4a0e0b9149bcee3c920d2e00b5de09138fd8bb7,0x4200000000000000000000000000000000000006,WETH,2496897211756823,0.002496897212,5.97,0xd9aaec86b65d86f6a7b5b1b0c42ffa531710b6ca,USDbC,83487985be74a5e55fd461b4cfbba403,2025-02-26 23:02:58.153,2025-02-26 23:02:58.153
9564970,2024-01-22 10:28:07.000,0xb12c0217caed7216e3d5c3bb6d19b51d7421dc54f4aa83209228693e82ccfa3a,0xa238dd80c259a72e81d7e4664a9801593f98d1c5,LiquidationCall,34,0x01f93131,0x32f8c8b40b62a73d514e8be0f58074edba533937,0x5d718a6b1b8545fa922c51b76412bc1fc7038129,Aave V3,0x5d718a6b1b8545fa922c51b76412bc1fc7038129,0xf9313132bb031824dcdca58b27de174a271ac87b,0x002c619f0390830e14efea5acec6d9c7093da54b,0x4200000000000000000000000000000000000006,WETH,4171526123191294,0.004171526123,10.09,0xd9aaec86b65d86f6a7b5b1b0c42ffa531710b6ca,USDbC,15be2fb4d94632ad45084a0e8794e42a,2025-02-26 23:02:58.153,2025-02-26 23:02:58.153
9565330,2024-01-22 10:40:07.000,0x8b18ee70aa48360481abade4e48e2d3534dcfb5c4778c21ed4650e0a73894bcb,0xa238dd80c259a72e81d7e4664a9801593f98d1c5,LiquidationCall,33,0x01920122,0x32f8c8b40b62a73d514e8be0f58074edba533937,0x5d718a6b1b8545fa922c51b76412bc1fc7038129,Aave V3,0x5d718a6b1b8545fa922c51b76412bc1fc7038129,0x92012220ce3bf9d5ef88aaa423b9450bfb851f3b,0x002c619f0390830e14efea5acec6d9c7093da54b,0x4200000000000000000000000000000000000006,WETH,6317185181080408,0.006317185181,15.28,0xd9aaec86b65d86f6a7b5b1b0c42ffa531710b6ca,USDbC,155886bde3c76883634748c5cf3e36d8,2025-02-26 23:02:58.153,2025-02-26 23:02:58.153
9581385,2024-01-22 19:35:17.000,0x35a28cb6302387e5ae7db826247b92e8f2a1cd3192efdac12b94cb63dcbcb284,0xa238dd80c259a72e81d7e4664a9801593f98d1c5,LiquidationCall,22,0x0114606f,0x32f8c8b40b62a73d514e8be0f58074edba533937,0x5d718a6b1b8545fa922c51b76412bc1fc7038129,Aave V3,0x5d718a6b1b8545fa922c51b76412bc1fc7038129,0x14606f0ae9cac5972e9cd959360918cc8381529f,0x002c619f0390830e14efea5acec6d9c7093da54b,0x4200000000000000000000000000000000000006,WETH,5701938062635973,0.005701938063,13.51,0xd9aaec86b65d86f6a7b5b1b0c42ffa531710b6ca,USDbC,cb6f6dcae11a2189dd70009afcd144a3,2025-02-26 23:02:58.153,2025-02-26 23:02:58.153
9573581,2024-01-22 15:15:09.000,0x549a7883f68a054c740927cd0b3d122e9c9ca518c5c6619606c1c28e592cfb95,0xa238dd80c259a72e81d7e4664a9801593f98d1c5,LiquidationCall,36,0x014e28f2,0x32f8c8b40b62a73d514e8be0f58074edba533937,0x5d718a6b1b8545fa922c51b76412bc1fc7038129,Aave V3,0x5d718a6b1b8545fa922c51b76412bc1fc7038129,0x4e28f218bca650fc4bf2e2b9577c88600900f38c,0x89f9680c08e203febb0bff850cc65d075a263c81,0x4200000000000000000000000000000000000006,WETH,11204366840317754,0.01120436684,26.77,0xd9aaec86b65d86f6a7b5b1b0c42ffa531710b6ca,USDbC,ae55b7b354674841e80806dd56399245,2025-02-26 23:02:58.153,2025-02-26 23:02:58.153
9564854,2024-01-22 10:24:15.000,0xc7bafea84b589b2a69967cb7025d6738c3aa5532dcfbb2feb6d5e654ba78a768,0xa238dd80c259a72e81d7e4664a9801593f98d1c5,LiquidationCall,30,0x0143c789,0x32f8c8b40b62a73d514e8be0f58074edba533937,0x5d718a6b1b8545fa922c51b76412bc1fc7038129,Aave V3,0x5d718a6b1b8545fa922c51b76412bc1fc7038129,0x43c7893fede1c8a841bef1e0771946d33ab8c60f,0x89f9680c08e203febb0bff850cc65d075a263c81,0x4200000000000000000000000000000000000006,WETH,8707420260357407,0.00870742026,21.06,0xd9aaec86b65d86f6a7b5b1b0c42ffa531710b6ca,USDbC,169c3b9dd55ca49e0cbbda7d8e9f5a24,2025-02-26 23:02:58.153,2025-02-26 23:02:58.153
9581501,2024-01-22 19:39:09.000,0xc68947a54354fa18c5346f5e0a89d1a7bf9f76ce9625386c9b5d3a062b5ccb4f,0xa238dd80c259a72e81d7e4664a9801593f98d1c5,LiquidationCall,109,0x01b55340,0x32f8c8b40b62a73d514e8be0f58074edba533937,0x5d718a6b1b8545fa922c51b76412bc1fc7038129,Aave V3,0x5d718a6b1b8545fa922c51b76412bc1fc7038129,0xb553400016acb3731128a354ebbef403247ccb9c,0xd4a0e0b9149bcee3c920d2e00b5de09138fd8bb7,0x4200000000000000000000000000000000000006,WETH,7279255999424632,0.007279255999,17.25,0xd9aaec86b65d86f6a7b5b1b0c42ffa531710b6ca,USDbC,590b839b3df027b0235e2facab97252b,2025-02-26 23:02:58.153,2025-02-26 23:02:58.153
9564983,2024-01-22 10:28:33.000,0xf370da77f53f903fdf9e81c5aa11510d746539a371dd6aadd59ff02a8908c26d,0xa238dd80c259a72e81d7e4664a9801593f98d1c5,LiquidationCall,69,0x01f30649,0x32f8c8b40b62a73d514e8be0f58074edba533937,0x5d718a6b1b8545fa922c51b76412bc1fc7038129,Aave V3,0x5d718a6b1b8545fa922c51b76412bc1fc7038129,0xf30649d5effaf51ec7be97d1f3809b52cb116465,0x89f9680c08e203febb0bff850cc65d075a263c81,0x4200000000000000000000000000000000000006,WETH,2368365143394286,0.002368365143,5.73,0xd9aaec86b65d86f6a7b5b1b0c42ffa531710b6ca,USDbC,30107bd8a48739080dffb4981012448b,2025-02-26 23:02:58.153,2025-02-26 23:02:58.153
9572766,2024-01-22 14:47:59.000,0x1b317fcab870addacc5de8fc2e2d29060261e8e51a92992d46ad96d0188f0fea,0xa238dd80c259a72e81d7e4664a9801593f98d1c5,LiquidationCall,25,0x014ccb5f,0x32f8c8b40b62a73d514e8be0f58074edba533937,0x5d718a6b1b8545fa922c51b76412bc1fc7038129,Aave V3,0x5d718a6b1b8545fa922c51b76412bc1fc7038129,0x4ccb5f4473287bb42f867284b9d47d34784f9866,0x48bf8fcd44e2977c8a9a744658431a8e6c0d866c,0x4200000000000000000000000000000000000006,WETH,2669639469724805,0.00266963947,6.34,0xd9aaec86b65d86f6a7b5b1b0c42ffa531710b6ca,USDbC,8503755eedb77e885c492edb7b8073d8,2025-02-26 23:02:58.153,2025-02-26 23:02:58.153
9580795,2024-01-22 19:15:37.000,0xf83cd614045f760fb2b6de656bfe88b03df19a9174780fc384ab29c21bd496c0,0xa238dd80c259a72e81d7e4664a9801593f98d1c5,LiquidationCall,109,0x01169626,0x32f8c8b40b62a73d514e8be0f58074edba533937,0x5d718a6b1b8545fa922c51b76412bc1fc7038129,Aave V3,0x5d718a6b1b8545fa922c51b76412bc1fc7038129,0x169626f6484978cfd8bff8231d60b2e3c83b6881,0x89f9680c08e203febb0bff850cc65d075a263c81,0x4200000000000000000000000000000000000006,WETH,5593208581022905,0.005593208581,13.25,0xd9aaec86b65d86f6a7b5b1b0c42ffa531710b6ca,USDbC,9e99a27fb61caddecd811c4c9e34ad9d,2025-02-26 23:02:58.153,2025-02-26 23:02:58.153
9563885,2024-01-22 09:51:57.000,0xb051cee57f86fbe3c20cda66dab428e2881c99fe5eafdf613d5909f98c946834,0xa238dd80c259a72e81d7e4664a9801593f98d1c5,LiquidationCall,49,0x01d7b9af,0x32f8c8b40b62a73d514e8be0f58074edba533937,0x5d718a6b1b8545fa922c51b76412bc1fc7038129,Aave V3,0x5d718a6b1b8545fa922c51b76412bc1fc7038129,0xd7b9af6c3d0ed315fbb0c3578e8c8e8a22b5d1ab,0x278dae6f8543a646924f5b62af2a891536e9e6f2,0x4200000000000000000000000000000000000006,WETH,5265273988715854,0.005265273989,12.78,0xd9aaec86b65d86f6a7b5b1b0c42ffa531710b6ca,USDbC,47988c394a0d7d0f0c0e227076615d7b,2025-02-26 23:02:58.153,2025-02-26 23:02:58.153
9572857,2024-01-22 14:51:01.000,0xc71fd7a0c74b84366323787317f37878e348fbe9c00c8c968dc80fca0438d031,0xa238dd80c259a72e81d7e4664a9801593f98d1c5,LiquidationCall,26,0x011dae55,0x32f8c8b40b62a73d514e8be0f58074edba533937,0x5d718a6b1b8545fa922c51b76412bc1fc7038129,Aave V3,0x5d718a6b1b8545fa922c51b76412bc1fc7038129,0x1dae55e5195e84ec52b058c1a8dcf19a8f6e74be,0x278dae6f8543a646924f5b62af2a891536e9e6f2,0x4200000000000000000000000000000000000006,WETH,2700637973280841,0.002700637973,6.41,0xd9aaec86b65d86f6a7b5b1b0c42ffa531710b6ca,USDbC,4d9b22e7dc7e89f4c906334e4d4926cb,2025-02-26 23:02:58.153,2025-02-26 23:02:58.153
9554056,2024-01-22 04:24:19.000,0x3653ce79a1c224f89dd179e1cc4062879b313a5560ae1d4fd3a1396817a49405,0xa238dd80c259a72e81d7e4664a9801593f98d1c5,LiquidationCall,50,0x0136aecd,0x32f8c8b40b62a73d514e8be0f58074edba533937,0x5d718a6b1b8545fa922c51b76412bc1fc7038129,Aave V3,0x5d718a6b1b8545fa922c51b76412bc1fc7038129,0x36aecdeaa44d44a3cea8ae14845235eecce0a375,0x89f9680c08e203febb0bff850cc65d075a263c81,0x4200000000000000000000000000000000000006,WETH,8268381277756869,0.008268381278,20.24,0xd9aaec86b65d86f6a7b5b1b0c42ffa531710b6ca,USDbC,b210ffd706bfcdc695ed836365f2cd5d,2025-02-26 23:02:58.153,2025-02-26 23:02:58.153
9573524,2024-01-22 15:13:15.000,0xb9a30e3ba3db25f70a06466aa14be56b601e1ce408e00956c0a29c399341d914,0xa238dd80c259a72e81d7e4664a9801593f98d1c5,LiquidationCall,31,0x0159ff78,0x32f8c8b40b62a73d514e8be0f58074edba533937,0x5d718a6b1b8545fa922c51b76412bc1fc7038129,Aave V3,0x5d718a6b1b8545fa922c51b76412bc1fc7038129,0x59ff786a816a323a0d4d833f11f288463d0fdfaf,0xd4a0e0b9149bcee3c920d2e00b5de09138fd8bb7,0x4200000000000000000000000000000000000006,WETH,13004881770729640,0.01300488177,31.08,0xd9aaec86b65d86f6a7b5b1b0c42ffa531710b6ca,USDbC,3471176f7cb52020bc6dbc4b5c8555b3,2025-02-26 23:02:58.153,2025-02-26 23:02:58.153
9573651,2024-01-22 15:17:29.000,0xe8c30e18dc6d8531b98d27fa24adf4db627baad0533dc5a3add959c912e5b95b,0xa238dd80c259a72e81d7e4664a9801593f98d1c5,LiquidationCall,350,0x01bf99f0,0x32f8c8b40b62a73d514e8be0f58074edba533937,0x5d718a6b1b8545fa922c51b76412bc1fc7038129,Aave V3,0x5d718a6b1b8545fa922c51b76412bc1fc7038129,0xbf99f09321558bf861b012fd097cfd6a21766e91,0x278dae6f8543a646924f5b62af2a891536e9e6f2,0x4200000000000000000000000000000000000006,WETH,10186487675168176,0.01018648768,24.34,0xd9aaec86b65d86f6a7b5b1b0c42ffa531710b6ca,USDbC,cccdde07d2f939d2c96c4090520f6393,2025-02-26 23:02:58.153,2025-02-26 23:02:58.153
9581381,2024-01-22 19:35:09.000,0x4f6627320a372c819f8b898c9f4d7f134013a355b81df76ab9b5c4bb212776f4,0xa238dd80c259a72e81d7e4664a9801593f98d1c5,LiquidationCall,15,0x01ec9c8e,0x32f8c8b40b62a73d514e8be0f58074edba533937,0x5d718a6b1b8545fa922c51b76412bc1fc7038129,Aave V3,0x5d718a6b1b8545fa922c51b76412bc1fc7038129,0xec9c8efd484971b00a5e770f31b91b8e88da5436,0xd4a0e0b9149bcee3c920d2e00b5de09138fd8bb7,0x4200000000000000000000000000000000000006,WETH,11694896210343948,0.01169489621,27.71,0xd9aaec86b65d86f6a7b5b1b0c42ffa531710b6ca,USDbC,d720632f43a4123d41f4accd2cc0939b,2025-02-26 23:02:58.153,2025-02-26 23:02:58.153
9565100,2024-01-22 10:32:27.000,0xef2233d7888e68c6b52fee7a9f4a228a4ad2b6eb98e6be36c3ad670c29ac879a,0xa238dd80c259a72e81d7e4664a9801593f98d1c5,LiquidationCall,35,0x01ae18c8,0x32f8c8b40b62a73d514e8be0f58074edba533937,0x5d718a6b1b8545fa922c51b76412bc1fc7038129,Aave V3,0x5d718a6b1b8545fa922c51b76412bc1fc7038129,0xae18c895006d9ed88eb3eb34c29387d0fbe531b2,0x002c619f0390830e14efea5acec6d9c7093da54b,0x4200000000000000000000000000000000000006,WETH,16755078056898748,0.01675507806,40.53,0xd9aaec86b65d86f6a7b5b1b0c42ffa531710b6ca,USDbC,f6af8e0c5b751ea78c14d1a18ed24a4a,2025-02-26 23:02:58.153,2025-02-26 23:02:58.153
9572797,2024-01-22 14:49:01.000,0x0af4b245913b640c8eb90bd2fa19663d925e70a08420096323f7bf60c38c2cc0,0xa238dd80c259a72e81d7e4664a9801593f98d1c5,LiquidationCall,86,0x01fc1ba6,0x32f8c8b40b62a73d514e8be0f58074edba533937,0x5d718a6b1b8545fa922c51b76412bc1fc7038129,Aave V3,0x5d718a6b1b8545fa922c51b76412bc1fc7038129,0xfc1ba61e80fc2e27ace04169a6e45ad7a7c50806,0x002c619f0390830e14efea5acec6d9c7093da54b,0x4200000000000000000000000000000000000006,WETH,4188682069897946,0.00418868207,9.94,0xd9aaec86b65d86f6a7b5b1b0c42ffa531710b6ca,USDbC,46b30f2605ecf72fbfd8a1faba362ee5,2025-02-26 23:02:58.153,2025-02-26 23:02:58.153
9564974,2024-01-22 10:28:15.000,0x34e3e6057ce05d8b674c03b5f6c4790d2950e3d7b4f2a451544c416c1d35a561,0xa238dd80c259a72e81d7e4664a9801593f98d1c5,LiquidationCall,29,0x010b3996,0x32f8c8b40b62a73d514e8be0f58074edba533937,0x5d718a6b1b8545fa922c51b76412bc1fc7038129,Aave V3,0x5d718a6b1b8545fa922c51b76412bc1fc7038129,0x0b39968c787a641f37de8dbe7807e628ffd470db,0x278dae6f8543a646924f5b62af2a891536e9e6f2,0x4200000000000000000000000000000000000006,WETH,8055138381693083,0.008055138382,19.49,0xd9aaec86b65d86f6a7b5b1b0c42ffa531710b6ca,USDbC,a6e2c1b0edd7e9e04d9390cb691560a3,2025-02-26 23:02:58.153,2025-02-26 23:02:58.153
9565090,2024-01-22 10:32:07.000,0x708f6265d7b4c492269268bb25c8ba9cf1a9540f321a6c6494d71e873fd2772a,0xa238dd80c259a72e81d7e4664a9801593f98d1c5,LiquidationCall,34,0x01cf3d57,0x32f8c8b40b62a73d514e8be0f58074edba533937,0x5d718a6b1b8545fa922c51b76412bc1fc7038129,Aave V3,0x5d718a6b1b8545fa922c51b76412bc1fc7038129,0xcf3d5778c3d89ac77759a96073788ed8aedc8a02,0x89f9680c08e203febb0bff850cc65d075a263c81,0x4200000000000000000000000000000000000006,WETH,11708509068679776,0.01170850907,28.32,0xd9aaec86b65d86f6a7b5b1b0c42ffa531710b6ca,USDbC,a1f560f359c4f1db9c3e9cbaf879d23b,2025-02-26 23:02:58.153,2025-02-26 23:02:58.153
9581499,2024-01-22 19:39:05.000,0x010b2773152c2746ad9fb91ab41a2d0c612d0489a3dfeb8d4527d419c2fd1aa6,0xa238dd80c259a72e81d7e4664a9801593f98d1c5,LiquidationCall,63,0x01c58715,0x32f8c8b40b62a73d514e8be0f58074edba533937,0x5d718a6b1b8545fa922c51b76412bc1fc7038129,Aave V3,0x5d718a6b1b8545fa922c51b76412bc1fc7038129,0xc587158c8740afb14a1e96fd9a4912156625c807,0x002c619f0390830e14efea5acec6d9c7093da54b,0x4200000000000000000000000000000000000006,WETH,7456642245773301,0.007456642246,17.67,0xd9aaec86b65d86f6a7b5b1b0c42ffa531710b6ca,USDbC,87a6d8efe586654681b34fc73009e648,2025-02-26 23:02:58.153,2025-02-26 23:02:58.153
9564985,2024-01-22 10:28:37.000,0xcdca0df934f60a691eae4c7cd87056af0f133cea80a839545bd5de136a52ed08,0xa238dd80c259a72e81d7e4664a9801593f98d1c5,LiquidationCall,75,0x012ca7f1,0x32f8c8b40b62a73d514e8be0f58074edba533937,0x5d718a6b1b8545fa922c51b76412bc1fc7038129,Aave V3,0x5d718a6b1b8545fa922c51b76412bc1fc7038129,0x2ca7f195d55b885ca3f14456ae87a8983c30faba,0x002c619f0390830e14efea5acec6d9c7093da54b,0x4200000000000000000000000000000000000006,WETH,3183795308008650,0.003183795308,7.7,0xd9aaec86b65d86f6a7b5b1b0c42ffa531710b6ca,USDbC,c6516242ae33ebf0d1a8447106153bce,2025-02-26 23:02:58.153,2025-02-26 23:02:58.153
9573877,2024-01-22 15:25:01.000,0x5e15b9f4bed284dd13e256628c28b590f85088cc16c446dc811c7840245f77fd,0xa238dd80c259a72e81d7e4664a9801593f98d1c5,LiquidationCall,47,0x01707a7a,0x32f8c8b40b62a73d514e8be0f58074edba533937,0x5d718a6b1b8545fa922c51b76412bc1fc7038129,Aave V3,0x5d718a6b1b8545fa922c51b76412bc1fc7038129,0x707a7a710e8955e9f896916dbf5d690bea58566e,0x002c619f0390830e14efea5acec6d9c7093da54b,0x4200000000000000000000000000000000000006,WETH,18174229072311756,0.01817422907,43.43,0xd9aaec86b65d86f6a7b5b1b0c42ffa531710b6ca,USDbC,1ec3f7d169ef060120bd857d9bd37e57,2025-02-26 23:02:58.153,2025-02-26 23:02:58.153
9564852,2024-01-22 10:24:11.000,0x9a456f086a772c1e05b5fb7efec8398ab460a7b1900c8a39b7e130744e42c5f0,0xa238dd80c259a72e81d7e4664a9801593f98d1c5,LiquidationCall,34,0x017d4df4,0x32f8c8b40b62a73d514e8be0f58074edba533937,0x5d718a6b1b8545fa922c51b76412bc1fc7038129,Aave V3,0x5d718a6b1b8545fa922c51b76412bc1fc7038129,0x7d4df4c1706263bd1a8d4a6de35324b64c97f4d4,0x278dae6f8543a646924f5b62af2a891536e9e6f2,0x4200000000000000000000000000000000000006,WETH,4477720375641044,0.004477720376,10.83,0xd9aaec86b65d86f6a7b5b1b0c42ffa531710b6ca,USDbC,808a9f6f77a2c7226fbbe59204974229,2025-02-26 23:02:58.153,2025-02-26 23:02:58.153
9565391,2024-01-22 10:42:09.000,0xc25a8375410fe3e97df5c27b1e57915fed10855110fdbfe77772922f12654c6e,0xa238dd80c259a72e81d7e4664a9801593f98d1c5,LiquidationCall,25,0x01d2009a,0x32f8c8b40b62a73d514e8be0f58074edba533937,0x5d718a6b1b8545fa922c51b76412bc1fc7038129,Aave V3,0x5d718a6b1b8545fa922c51b76412bc1fc7038129,0xd2009a44a4dcd4976ab959b21b675b8786e1a9a3,0x278dae6f8543a646924f5b62af2a891536e9e6f2,0x4200000000000000000000000000000000000006,WETH,10147956306162874,0.01014795631,24.55,0xd9aaec86b65d86f6a7b5b1b0c42ffa531710b6ca,USDbC,e6d49d761f315ddae6f8189d3cfe1c6a,2025-02-26 23:02:58.153,2025-02-26 23:02:58.153
9564979,2024-01-22 10:28:25.000,0xc922ed24c293ec05db32a529079ecdb0cc573d59837ae811693459805eca3307,0xa238dd80c259a72e81d7e4664a9801593f98d1c5,LiquidationCall,65,0x0143bd23,0x32f8c8b40b62a73d514e8be0f58074edba533937,0x5d718a6b1b8545fa922c51b76412bc1fc7038129,Aave V3,0x5d718a6b1b8545fa922c51b76412bc1fc7038129,0x43bd2388d9d9ff267332d547e893197147fdb43c,0x89f9680c08e203febb0bff850cc65d075a263c81,0x4200000000000000000000000000000000000006,WETH,7973318631382934,0.007973318631,19.29,0xd9aaec86b65d86f6a7b5b1b0c42ffa531710b6ca,USDbC,e445291a63517672cd421186bb8bacff,2025-02-26 23:02:58.153,2025-02-26 23:02:58.153
9581877,2024-01-22 19:51:41.000,0xd18ec38b145a5ee9e3c2f11cf6bcfb5868bcc8aedf38779b01a38768f3a502b6,0xa238dd80c259a72e81d7e4664a9801593f98d1c5,LiquidationCall,25,0x016df8a5,0x32f8c8b40b62a73d514e8be0f58074edba533937,0x5d718a6b1b8545fa922c51b76412bc1fc7038129,Aave V3,0x5d718a6b1b8545fa922c51b76412bc1fc7038129,0x6df8a5c571c4bc3d354230dcfe83e246a74e14bf,0x48bf8fcd44e2977c8a9a744658431a8e6c0d866c,0x4200000000000000000000000000000000000006,WETH,5101104370965941,0.005101104371,12.08,0xd9aaec86b65d86f6a7b5b1b0c42ffa531710b6ca,USDbC,f397ad6fdb760b1713c3f10ba297e2ff,2025-02-26 23:02:58.153,2025-02-26 23:02:58.153
9564981,2024-01-22 10:28:29.000,0x98dc54f8940502940597f4f7f05a00897262f7368bab52b321aaec2a714e454a,0xa238dd80c259a72e81d7e4664a9801593f98d1c5,LiquidationCall,99,0x01b17b70,0x32f8c8b40b62a73d514e8be0f58074edba533937,0x5d718a6b1b8545fa922c51b76412bc1fc7038129,Aave V3,0x5d718a6b1b8545fa922c51b76412bc1fc7038129,0xb17b70405666f4e3c56622f07f98ffc85170100b,0x89f9680c08e203febb0bff850cc65d075a263c81,0x4200000000000000000000000000000000000006,WETH,8002706633019189,0.008002706633,19.36,0xd9aaec86b65d86f6a7b5b1b0c42ffa531710b6ca,USDbC,59b472f04fc482cdc5b5b3ed6e41a9de,2025-02-26 23:02:58.153,2025-02-26 23:02:58.153
9568727,2024-01-22 12:33:21.000,0xe7501003555634c95374f99439c9fab79df3d8e244ed632e9ee6ec14444fd9be,0xa238dd80c259a72e81d7e4664a9801593f98d1c5,LiquidationCall,22,0x01755ba4,0x32f8c8b40b62a73d514e8be0f58074edba533937,0x5d718a6b1b8545fa922c51b76412bc1fc7038129,Aave V3,0x5d718a6b1b8545fa922c51b76412bc1fc7038129,0x755ba4fa88b2828d1f51274099a340fed6acc35f,0x48bf8fcd44e2977c8a9a744658431a8e6c0d866c,0x4200000000000000000000000000000000000006,WETH,2312420277845156,0.002312420278,5.51,0xd9aaec86b65d86f6a7b5b1b0c42ffa531710b6ca,USDbC,0cd769e812f81133fb9a8c62ea13bef9,2025-02-26 23:02:58.153,2025-02-26 23:02:58.153
9573759,2024-01-22 15:21:05.000,0x95a1e204a6e75cf2d3e6c05759753185dc55ddadb238648f9e3b2069ed6164d0,0xa238dd80c259a72e81d7e4664a9801593f98d1c5,LiquidationCall,18,0x01c57170,0x32f8c8b40b62a73d514e8be0f58074edba533937,0x5d718a6b1b8545fa922c51b76412bc1fc7038129,Aave V3,0x5d718a6b1b8545fa922c51b76412bc1fc7038129,0xc57170e7f8fc414e24eaa0a8f5030d66eb155b7f,0x89f9680c08e203febb0bff850cc65d075a263c81,0x4200000000000000000000000000000000000006,WETH,5947646067302671,0.005947646067,14.21,0xd9aaec86b65d86f6a7b5b1b0c42ffa531710b6ca,USDbC,261186dce675d3e1ca449e7a330d0b5e,2025-02-26 23:02:58.153,2025-02-26 23:02:58.153
9580929,2024-01-22 19:20:05.000,0x48620a52d27ea42ab808d983e5c1ee4818de83c0aab14d48c700c64ef1200b3f,0xa238dd80c259a72e81d7e4664a9801593f98d1c5,LiquidationCall,18,0x01d9f6c2,0x32f8c8b40b62a73d514e8be0f58074edba533937,0x5d718a6b1b8545fa922c51b76412bc1fc7038129,Aave V3,0x5d718a6b1b8545fa922c51b76412bc1fc7038129,0xd9f6c2c139a420bffae16be0eda9be7ee1f5f94b,0x89f9680c08e203febb0bff850cc65d075a263c81,0x4200000000000000000000000000000000000006,WETH,21539945472458684,0.02153994547,51.03,0xd9aaec86b65d86f6a7b5b1b0c42ffa531710b6ca,USDbC,2ff4fc1704b25ad891c8e5e9bfd8a97d,2025-02-26 23:02:58.153,2025-02-26 23:02:58.153
9573457,2024-01-22 15:11:01.000,0xb304b6b8c3e1c7a33d70d4a7616754ff22ddf29de5ed701b20f73446a3a4a9af,0xa238dd80c259a72e81d7e4664a9801593f98d1c5,LiquidationCall,21,0x01caf7fe,0x32f8c8b40b62a73d514e8be0f58074edba533937,0x5d718a6b1b8545fa922c51b76412bc1fc7038129,Aave V3,0x5d718a6b1b8545fa922c51b76412bc1fc7038129,0xcaf7fec1acb16698741eb5cba4f49f635e19636f,0xd4a0e0b9149bcee3c920d2e00b5de09138fd8bb7,0x4200000000000000000000000000000000000006,WETH,3086996582754415,0.003086996583,7.38,0xd9aaec86b65d86f6a7b5b1b0c42ffa531710b6ca,USDbC,f952dac68c58943f16d5da7269af4e1f,2025-02-26 23:02:58.153,2025-02-26 23:02:58.153
9573761,2024-01-22 15:21:09.000,0xfb538f67ff6d6690906b6b54b9f1293b67b87a841418c9f89cdc67cb0a9fb8aa,0xa238dd80c259a72e81d7e4664a9801593f98d1c5,LiquidationCall,51,0x01d40361,0x32f8c8b40b62a73d514e8be0f58074edba533937,0x5d718a6b1b8545fa922c51b76412bc1fc7038129,Aave V3,0x5d718a6b1b8545fa922c51b76412bc1fc7038129,0xd403610608afda7ff33eb77903b6ea370e5868f9,0x89f9680c08e203febb0bff850cc65d075a263c81,0x4200000000000000000000000000000000000006,WETH,4266390099148453,0.004266390099,10.19,0xd9aaec86b65d86f6a7b5b1b0c42ffa531710b6ca,USDbC,2851723cd6f27b9ecb9ae22704bf3d17,2025-02-26 23:02:58.153,2025-02-26 23:02:58.153
9573698,2024-01-22 15:19:03.000,0xbbb2e9eeb25cf098654404f9d88615a35f3336422e3bac9e795f8ce71add438e,0xa238dd80c259a72e81d7e4664a9801593f98d1c5,LiquidationCall,48,0x019e1929,0x32f8c8b40b62a73d514e8be0f58074edba533937,0x5d718a6b1b8545fa922c51b76412bc1fc7038129,Aave V3,0x5d718a6b1b8545fa922c51b76412bc1fc7038129,0x9e19291384a56b0821c247ea51a8171b46016d32,0xd4a0e0b9149bcee3c920d2e00b5de09138fd8bb7,0x4200000000000000000000000000000000000006,WETH,4290313027933632,0.004290313028,10.25,0xd9aaec86b65d86f6a7b5b1b0c42ffa531710b6ca,USDbC,861df5994a3745dafae55618e0ee9bed,2025-02-26 23:02:58.153,2025-02-26 23:02:58.153
9564850,2024-01-22 10:24:07.000,0x4d2a1213e2dde98ae118173e0d83a2d70efe1289f4e4df61da36175cfc3d44d6,0xa238dd80c259a72e81d7e4664a9801593f98d1c5,LiquidationCall,49,0x011bdc72,0x32f8c8b40b62a73d514e8be0f58074edba533937,0x5d718a6b1b8545fa922c51b76412bc1fc7038129,Aave V3,0x5d718a6b1b8545fa922c51b76412bc1fc7038129,0x1bdc72bbef303c59316daeaaf36d2696b3c73470,0x48bf8fcd44e2977c8a9a744658431a8e6c0d866c,0x4200000000000000000000000000000000000006,WETH,6943990206520021,0.006943990207,16.8,0xd9aaec86b65d86f6a7b5b1b0c42ffa531710b6ca,USDbC,c75699f2ba8c4c36a714893575fe78ad,2025-02-26 23:02:58.153,2025-02-26 23:02:58.153
9564988,2024-01-22 10:28:43.000,0x48cd6d3ac65ae5cfac5af59e4f3d650507eb748a0a590b1d073d58b177cc696a,0xa238dd80c259a72e81d7e4664a9801593f98d1c5,LiquidationCall,191,0x01882d2e,0x32f8c8b40b62a73d514e8be0f58074edba533937,0x5d718a6b1b8545fa922c51b76412bc1fc7038129,Aave V3,0x5d718a6b1b8545fa922c51b76412bc1fc7038129,0x882d2e22fa287e10dd0a7b1baede2a7ab1f13154,0x278dae6f8543a646924f5b62af2a891536e9e6f2,0x4200000000000000000000000000000000000006,WETH,5193352637942717,0.005193352638,12.56,0xd9aaec86b65d86f6a7b5b1b0c42ffa531710b6ca,USDbC,e16342f3ba91a56a9382b4062e2b4a73,2025-02-26 23:02:58.153,2025-02-26 23:02:58.153
9572917,2024-01-22 14:53:01.000,0x9d6bebf0d6dc328d4ed095751d1c1509adb514cd6e72aaa0d668b4d93aba6701,0xa238dd80c259a72e81d7e4664a9801593f98d1c5,LiquidationCall,20,0x01b33cd4,0x32f8c8b40b62a73d514e8be0f58074edba533937,0x5d718a6b1b8545fa922c51b76412bc1fc7038129,Aave V3,0x5d718a6b1b8545fa922c51b76412bc1fc7038129,0xb33cd49e4061036b9de69e9a802b3fde4bc05805,0x278dae6f8543a646924f5b62af2a891536e9e6f2,0x4200000000000000000000000000000000000006,WETH,10603282311224268,0.01060328231,25.17,0xd9aaec86b65d86f6a7b5b1b0c42ffa531710b6ca,USDbC,5ae54a40136b0d73624f9d2429aa6840,2025-02-26 23:02:58.153,2025-02-26 23:02:58.153
9572978,2024-01-22 14:55:03.000,0xf7ccf05ea15c4660fcf8119c6d50c7150a78379a59bfba20e56e6cbb46594697,0xa238dd80c259a72e81d7e4664a9801593f98d1c5,LiquidationCall,52,0x01b3577d,0x32f8c8b40b62a73d514e8be0f58074edba533937,0x5d718a6b1b8545fa922c51b76412bc1fc7038129,Aave V3,0x5d718a6b1b8545fa922c51b76412bc1fc7038129,0xb3577d0fad279f6e363c51e3cde7445ca8cae678,0x89f9680c08e203febb0bff850cc65d075a263c81,0x4200000000000000000000000000000000000006,WETH,7390732645422509,0.007390732645,17.54,0xd9aaec86b65d86f6a7b5b1b0c42ffa531710b6ca,USDbC,32f83fdd095cb20fd38ae616289558b3,2025-02-26 23:02:58.153,2025-02-26 23:02:58.153
9565093,2024-01-22 10:32:13.000,0x2538f90415e1a4f11c9de99654d0c3a2b2d034c118c94d7fe526bdda5ce2cfd5,0xa238dd80c259a72e81d7e4664a9801593f98d1c5,LiquidationCall,30,0x01b768e5,0x32f8c8b40b62a73d514e8be0f58074edba533937,0x5d718a6b1b8545fa922c51b76412bc1fc7038129,Aave V3,0x5d718a6b1b8545fa922c51b76412bc1fc7038129,0xb768e5fdaddd75a96990e14f026f3bc91228ea7c,0x002c619f0390830e14efea5acec6d9c7093da54b,0x4200000000000000000000000000000000000006,WETH,3994341186705264,0.003994341187,9.66,0xd9aaec86b65d86f6a7b5b1b0c42ffa531710b6ca,USDbC,f8fa2d6630e1a8bbf959f117820bade6,2025-02-26 23:02:58.153,2025-02-26 23:02:58.153
9568745,2024-01-22 12:33:57.000,0xfc8917034479a1eaa22f2143ae2830349087ab707935d650157ea20b2bd68ea3,0xa238dd80c259a72e81d7e4664a9801593f98d1c5,LiquidationCall,23,0x01cc484b,0x32f8c8b40b62a73d514e8be0f58074edba533937,0x5d718a6b1b8545fa922c51b76412bc1fc7038129,Aave V3,0x5d718a6b1b8545fa922c51b76412bc1fc7038129,0xcc484bb752921bd5ce5e456fca354b3327cba46f,0x278dae6f8543a646924f5b62af2a891536e9e6f2,0x4200000000000000000000000000000000000006,WETH,4374761871441726,0.004374761871,10.43,0xd9aaec86b65d86f6a7b5b1b0c42ffa531710b6ca,USDbC,171102d6a13e1a4b5e786d1bdbe7b341,2025-02-26 23:02:58.153,2025-02-26 23:02:58.153
9573517,2024-01-22 15:13:01.000,0xd4afc402b14f53a390187b21ec3ce2547dd916d6cba8ef5a2fd3ffe0558f35b6,0xa238dd80c259a72e81d7e4664a9801593f98d1c5,LiquidationCall,16,0x0144ffa3,0x32f8c8b40b62a73d514e8be0f58074edba533937,0x5d718a6b1b8545fa922c51b76412bc1fc7038129,Aave V3,0x5d718a6b1b8545fa922c51b76412bc1fc7038129,0x44ffa3f5df087385ab950b4e0c2ca5cad84c2da6,0x89f9680c08e203febb0bff850cc65d075a263c81,0x4200000000000000000000000000000000000006,WETH,6205173989901556,0.00620517399,14.83,0xd9aaec86b65d86f6a7b5b1b0c42ffa531710b6ca,USDbC,92d85f09bbb1acd002baf46fff628418,2025-02-26 23:02:58.153,2025-02-26 23:02:58.153
9586958,2024-01-22 22:41:03.000,0x815bc2f826184d8a2208559a14d8131d4c62ce8ce2e731527c521bba50405281,0xa238dd80c259a72e81d7e4664a9801593f98d1c5,LiquidationCall,114,0x01cbd6a8,0x32f8c8b40b62a73d514e8be0f58074edba533937,0x5d718a6b1b8545fa922c51b76412bc1fc7038129,Aave V3,0x5d718a6b1b8545fa922c51b76412bc1fc7038129,0xcbd6a8dd4475c83a94c9fec72f77607e932c6c2d,0x89f9680c08e203febb0bff850cc65d075a263c81,0x4200000000000000000000000000000000000006,WETH,6281978891901460,0.006281978892,14.66,0xd9aaec86b65d86f6a7b5b1b0c42ffa531710b6ca,USDbC,7a170f963683c50c8e399413c455d348,2025-02-26 23:02:58.153,2025-02-26 23:02:58.153
9564993,2024-01-22 10:28:53.000,0xe2fbdd3b17f8eef017394ba7e1c862a4fce7ce966d434a49d8ad31d96ccd5622,0xa238dd80c259a72e81d7e4664a9801593f98d1c5,LiquidationCall,146,0x01820c3b,0x32f8c8b40b62a73d514e8be0f58074edba533937,0x5d718a6b1b8545fa922c51b76412bc1fc7038129,Aave V3,0x5d718a6b1b8545fa922c51b76412bc1fc7038129,0x820c3b7f7a20b14caedbb6394c8a17084a20b984,0x89f9680c08e203febb0bff850cc65d075a263c81,0x4200000000000000000000000000000000000006,WETH,3018289219972493,0.00301828922,7.3,0xd9aaec86b65d86f6a7b5b1b0c42ffa531710b6ca,USDbC,16aba773eb3f067fe13fd4f37602d583,2025-02-26 23:02:58.153,2025-02-26 23:02:58.153
9564976,2024-01-22 10:28:19.000,0xdf94f9891ad7900a910e23f65e09a04e7f319b447f44fa46328b8e0a7b31cce3,0xa238dd80c259a72e81d7e4664a9801593f98d1c5,LiquidationCall,76,0x01b52148,0x32f8c8b40b62a73d514e8be0f58074edba533937,0x5d718a6b1b8545fa922c51b76412bc1fc7038129,Aave V3,0x5d718a6b1b8545fa922c51b76412bc1fc7038129,0xb5214877004cc0b81289674fd65fe7ba59348f65,0x278dae6f8543a646924f5b62af2a891536e9e6f2,0x4200000000000000000000000000000000000006,WETH,15442900717169776,0.01544290072,37.36,0xd9aaec86b65d86f6a7b5b1b0c42ffa531710b6ca,USDbC,0b6fbf7c203b357e83082e63b38ce09c,2025-02-26 23:02:58.153,2025-02-26 23:02:58.153
9581383,2024-01-22 19:35:13.000,0x8b77d8eb9b9c9725c6c9ea29769faf52003f92faa2b0ca26e3907acac4600fb1,0xa238dd80c259a72e81d7e4664a9801593f98d1c5,LiquidationCall,25,0x01afe933,0x32f8c8b40b62a73d514e8be0f58074edba533937,0x5d718a6b1b8545fa922c51b76412bc1fc7038129,Aave V3,0x5d718a6b1b8545fa922c51b76412bc1fc7038129,0xafe933b51a64a55ce6fef9add128622af1431be9,0x002c619f0390830e14efea5acec6d9c7093da54b,0x4200000000000000000000000000000000000006,WETH,8211004709422010,0.008211004709,19.45,0xd9aaec86b65d86f6a7b5b1b0c42ffa531710b6ca,USDbC,f6ec7766536624c3ede9bd2a01515c9f,2025-02-26 23:02:58.153,2025-02-26 23:02:58.153
9573399,2024-01-22 15:09:05.000,0xc51a90bb74c8f599c9b74ea9a07cfaf81e9d9c08aaedc4a7a0c11845e0841146,0xa238dd80c259a72e81d7e4664a9801593f98d1c5,LiquidationCall,18,0x01c67b8c,0x32f8c8b40b62a73d514e8be0f58074edba533937,0x5d718a6b1b8545fa922c51b76412bc1fc7038129,Aave V3,0x5d718a6b1b8545fa922c51b76412bc1fc7038129,0xc67b8cd91139b01915042e30f65897a7d37e2d99,0xd4a0e0b9149bcee3c920d2e00b5de09138fd8bb7,0x4200000000000000000000000000000000000006,WETH,8241584262299103,0.008241584262,19.69,0xd9aaec86b65d86f6a7b5b1b0c42ffa531710b6ca,USDbC,5cd4808e0202ae523d2974db3e87da48,2025-02-26 23:02:58.153,2025-02-26 23:02:58.153
9565102,2024-01-22 10:32:31.000,0x2f4925326932ae4745341e40ce493ca29f67533c949dc914032893e9bd4e3fb1,0xa238dd80c259a72e81d7e4664a9801593f98d1c5,LiquidationCall,21,0x012ff6e3,0x32f8c8b40b62a73d514e8be0f58074edba533937,0x5d718a6b1b8545fa922c51b76412bc1fc7038129,Aave V3,0x5d718a6b1b8545fa922c51b76412bc1fc7038129,0x2ff6e3e7d78ed2800bee00589167a7e9767b4f89,0x278dae6f8543a646924f5b62af2a891536e9e6f2,0x4200000000000000000000000000000000000006,WETH,12599582612286390,0.01259958261,30.48,0xd9aaec86b65d86f6a7b5b1b0c42ffa531710b6ca,USDbC,1a2c8a4056659b0d6a691fb5c88e1a99,2025-02-26 23:02:58.153,2025-02-26 23:02:58.153
9580838,2024-01-22 19:17:03.000,0xb7effbb285d0d43e00ba457953a88f84cd9c7d41de3b180431e62601595e684a,0xa238dd80c259a72e81d7e4664a9801593f98d1c5,LiquidationCall,87,0x01437c61,0x32f8c8b40b62a73d514e8be0f58074edba533937,0x5d718a6b1b8545fa922c51b76412bc1fc7038129,Aave V3,0x5d718a6b1b8545fa922c51b76412bc1fc7038129,0x437c61cb343f940f4603c75e9284756bb41af8de,0x48bf8fcd44e2977c8a9a744658431a8e6c0d866c,0x4200000000000000000000000000000000000006,WETH,2618688203415729,0.002618688203,6.2,0x833589fcd6edb6e08f4c7c32d4f71b54bda02913,USDC,54e97844986cda7640c432d2ed40ad61,2025-02-26 23:02:58.153,2025-02-26 23:02:58.153
9573339,2024-01-22 15:07:05.000,0xf1ea03c8b9e83a15647f685ecda676bc50c40df9eb131f76d9e5ad82caaa26ce,0xa238dd80c259a72e81d7e4664a9801593f98d1c5,LiquidationCall,46,0x013ae6ee,0x32f8c8b40b62a73d514e8be0f58074edba533937,0x5d718a6b1b8545fa922c51b76412bc1fc7038129,Aave V3,0x5d718a6b1b8545fa922c51b76412bc1fc7038129,0x3ae6ee5ffbe4dafbea51ade14d21d651c0eba303,0xd4a0e0b9149bcee3c920d2e00b5de09138fd8bb7,0x4200000000000000000000000000000000000006,WETH,6020829418869719,0.006020829419,14.39,0xd9aaec86b65d86f6a7b5b1b0c42ffa531710b6ca,USDbC,197710f76664542595c2acb419ac1113,2025-02-26 23:02:58.153,2025-02-26 23:02:58.153
9564981,2024-01-22 10:28:29.000,0xf3e60c1ac9d7b45073591ce7e8d02b8494604b10b566125c61afe472b66bd422,0xa238dd80c259a72e81d7e4664a9801593f98d1c5,LiquidationCall,16,0x0845a7e9,0x002f70367bc91422d609953a0cb28ba8f63d7e2e,0x1b3bcad82c1c5223fe5e6ea0f7a41947d1a01ac2,Aave V3,0x1b3bcad82c1c5223fe5e6ea0f7a41947d1a01ac2,0xab12275f2d91f87b301a4f01c9af4e83b3f45baa,0x002c619f0390830e14efea5acec6d9c7093da54b,0x4200000000000000000000000000000000000006,WETH,58946212273768590,0.05894621227,142.59,0xd9aaec86b65d86f6a7b5b1b0c42ffa531710b6ca,USDbC,8b4f6c7786f4149b3cbf9ef28bc6ae2b,2025-02-26 23:02:58.153,2025-02-26 23:02:58.153
9586955,2024-01-22 22:40:57.000,0x6e83a2390bd5e5a58fd8c9df209fbfea76d843f618c8f0ed1b0d4e64e2622bb0,0xa238dd80c259a72e81d7e4664a9801593f98d1c5,LiquidationCall,55,0x0129c631,0x32f8c8b40b62a73d514e8be0f58074edba533937,0x5d718a6b1b8545fa922c51b76412bc1fc7038129,Aave V3,0x5d718a6b1b8545fa922c51b76412bc1fc7038129,0x29c631ce77516a8ac3330e215551558e3f02ed15,0x002c619f0390830e14efea5acec6d9c7093da54b,0x4200000000000000000000000000000000000006,WETH,17121945967810796,0.01712194597,39.95,0xd9aaec86b65d86f6a7b5b1b0c42ffa531710b6ca,USDbC,da323384e9ab14a8f66bba7455109bce,2025-02-26 23:02:58.153,2025-02-26 23:02:58.153
9573817,2024-01-22 15:23:01.000,0xb6c2476914e687f6e033e290cc3cb13d3a3f3df4a36eb8f1715f0bccef9e93b7,0xa238dd80c259a72e81d7e4664a9801593f98d1c5,LiquidationCall,18,0x01c8d1f4,0x32f8c8b40b62a73d514e8be0f58074edba533937,0x5d718a6b1b8545fa922c51b76412bc1fc7038129,Aave V3,0x5d718a6b1b8545fa922c51b76412bc1fc7038129,0xc8d1f433ff317f73b6bbefd50f92208344499388,0x89f9680c08e203febb0bff850cc65d075a263c81,0x4200000000000000000000000000000000000006,WETH,22610842212732144,0.02261084221,54.03,0xd9aaec86b65d86f6a7b5b1b0c42ffa531710b6ca,USDbC,f7d6d2632204a3b3cccda9de468387ed,2025-02-26 23:02:58.153,2025-02-26 23:02:58.153
9564991,2024-01-22 10:28:49.000,0x6e653f44f26ab017aa7a124bfb9c8815da1cb6c87750ab523ad25173422a2ddc,0xa238dd80c259a72e81d7e4664a9801593f98d1c5,LiquidationCall,46,0x019ac7fb,0x32f8c8b40b62a73d514e8be0f58074edba533937,0x5d718a6b1b8545fa922c51b76412bc1fc7038129,Aave V3,0x5d718a6b1b8545fa922c51b76412bc1fc7038129,0x9ac7fb0b7b71e8f90924d37334a6be8268fe18cd,0x278dae6f8543a646924f5b62af2a891536e9e6f2,0x4200000000000000000000000000000000000006,WETH,7717449176274823,0.007717449176,18.67,0xd9aaec86b65d86f6a7b5b1b0c42ffa531710b6ca,USDbC,46ddd519285104096eb512dbd3918f48,2025-02-26 23:02:58.153,2025-02-26 23:02:58.153
9573679,2024-01-22 15:18:25.000,0x3461b057dc07baf83b0946f6a1bf0f8d753ae92d68f0a5996c44aa230a155061,0xa238dd80c259a72e81d7e4664a9801593f98d1c5,LiquidationCall,16,0x0845a7e9,0x07454c4d1d0a71f49926d68804cb6f65f2607723,0x1b3bcad82c1c5223fe5e6ea0f7a41947d1a01ac2,Aave V3,0x1b3bcad82c1c5223fe5e6ea0f7a41947d1a01ac2,0xe8471107c764d7924a7df3f8ab979c89f1d252d2,0x278dae6f8543a646924f5b62af2a891536e9e6f2,0x4200000000000000000000000000000000000006,WETH,20596156791173544,0.02059615679,49.22,0xd9aaec86b65d86f6a7b5b1b0c42ffa531710b6ca,USDbC,bf4d2a41ef6fdbf3cb56a5ca9e638e6b,2025-02-26 23:02:58.153,2025-02-26 23:02:58.153
9565104,2024-01-22 10:32:35.000,0xee373effcade871b28982b827aba420eef7454013ca583b80423f747c821ebfe,0xa238dd80c259a72e81d7e4664a9801593f98d1c5,LiquidationCall,24,0x01a9f046,0x32f8c8b40b62a73d514e8be0f58074edba533937,0x5d718a6b1b8545fa922c51b76412bc1fc7038129,Aave V3,0x5d718a6b1b8545fa922c51b76412bc1fc7038129,0xa9f046024d79cb14d7a5080229364fb1a4002ae6,0x89f9680c08e203febb0bff850cc65d075a263c81,0x4200000000000000000000000000000000000006,WETH,22841849179439920,0.02284184918,55.26,0xd9aaec86b65d86f6a7b5b1b0c42ffa531710b6ca,USDbC,5ccf69a5be5e481c396055f63f631af6,2025-02-26 23:02:58.153,2025-02-26 23:02:58.153
9586897,2024-01-22 22:39:01.000,0x4830fc04a9f02001ed578c9034ca3d7582bd5dc038b1f7f5a3096c6559c25a7d,0xa238dd80c259a72e81d7e4664a9801593f98d1c5,LiquidationCall,454,0x01038d89,0x32f8c8b40b62a73d514e8be0f58074edba533937,0x5d718a6b1b8545fa922c51b76412bc1fc7038129,Aave V3,0x5d718a6b1b8545fa922c51b76412bc1fc7038129,0x038d8981cc8fb8421cb96e8eee8093fc1f2e63dc,0xd4a0e0b9149bcee3c920d2e00b5de09138fd8bb7,0x4200000000000000000000000000000000000006,WETH,25170960441967300,0.02517096044,58.73,0xd9aaec86b65d86f6a7b5b1b0c42ffa531710b6ca,USDbC,0a600fd8c7194f7765b18a29241321f6,2025-02-26 23:02:58.153,2025-02-26 23:02:58.153
9565032,2024-01-22 10:30:11.000,0x584ab735612c7c9f96882893eba3b8a67ad27f3643914873aedcfd2cad67ff42,0xa238dd80c259a72e81d7e4664a9801593f98d1c5,LiquidationCall,103,0x01bd95b0,0x32f8c8b40b62a73d514e8be0f58074edba533937,0x5d718a6b1b8545fa922c51b76412bc1fc7038129,Aave V3,0x5d718a6b1b8545fa922c51b76412bc1fc7038129,0xbd95b07a15c31eaddd1c0a10df9736b7947b1da7,0x278dae6f8543a646924f5b62af2a891536e9e6f2,0x4200000000000000000000000000000000000006,WETH,8994987998698047,0.008994987999,21.76,0xd9aaec86b65d86f6a7b5b1b0c42ffa531710b6ca,USDbC,a03c5f582954fc6db27cbde82120c01c,2025-02-26 23:02:58.153,2025-02-26 23:02:58.153
9563888,2024-01-22 09:52:03.000,0xf5dc5e20759b68020f5b2bf7e5e35927516e25cd2c2860dac7508c5217f84389,0xa238dd80c259a72e81d7e4664a9801593f98d1c5,LiquidationCall,33,0x01762c06,0x32f8c8b40b62a73d514e8be0f58074edba533937,0x5d718a6b1b8545fa922c51b76412bc1fc7038129,Aave V3,0x5d718a6b1b8545fa922c51b76412bc1fc7038129,0x762c065d5b8d1352b93583b50215451d3259559c,0x002c619f0390830e14efea5acec6d9c7093da54b,0x4200000000000000000000000000000000000006,WETH,5613580653909639,0.005613580654,13.63,0xd9aaec86b65d86f6a7b5b1b0c42ffa531710b6ca,USDbC,9552477d5254636d365bbb20f45a42d4,2025-02-26 23:02:58.153,2025-02-26 23:02:58.153
9565030,2024-01-22 10:30:07.000,0x52748a6132ac3f2ac5c2f3859da18fe00f1768dd64f89b3a24b661199b1d60b4,0xa238dd80c259a72e81d7e4664a9801593f98d1c5,LiquidationCall,85,0x0106c45b,0x32f8c8b40b62a73d514e8be0f58074edba533937,0x5d718a6b1b8545fa922c51b76412bc1fc7038129,Aave V3,0x5d718a6b1b8545fa922c51b76412bc1fc7038129,0x06c45bb29a3d4e7bb4d9d7b778cbfc06d4d1b811,0x278dae6f8543a646924f5b62af2a891536e9e6f2,0x4200000000000000000000000000000000000006,WETH,11843170339325676,0.01184317034,28.65,0xd9aaec86b65d86f6a7b5b1b0c42ffa531710b6ca,USDbC,a4ef985a418dfc2631cc564cd3730fc4,2025-02-26 23:02:58.153,2025-02-26 23:02:58.153
9573595,2024-01-22 15:15:37.000,0x139e5571b9fe1055a5b3c8c743527140098b735e8ab8771a0cd5623ee4a5410d,0xa238dd80c259a72e81d7e4664a9801593f98d1c5,LiquidationCall,41,0x012d9c5e,0x32f8c8b40b62a73d514e8be0f58074edba533937,0x5d718a6b1b8545fa922c51b76412bc1fc7038129,Aave V3,0x5d718a6b1b8545fa922c51b76412bc1fc7038129,0x2d9c5e21566e647e6a037dd6dc6df5dfa5307485,0x89f9680c08e203febb0bff850cc65d075a263c81,0x4200000000000000000000000000000000000006,WETH,5450568975010855,0.005450568975,13.02,0xd9aaec86b65d86f6a7b5b1b0c42ffa531710b6ca,USDbC,5f9bc29eaf29d6577aa12f103b08de78,2025-02-26 23:02:58.153,2025-02-26 23:02:58.153
9573757,2024-01-22 15:21:01.000,0x8cff7c75daa70f2936efaba3bc31d2b9659d2f7bae27aa460e456276c44362f1,0xa238dd80c259a72e81d7e4664a9801593f98d1c5,LiquidationCall,22,0x015c0f00,0x32f8c8b40b62a73d514e8be0f58074edba533937,0x5d718a6b1b8545fa922c51b76412bc1fc7038129,Aave V3,0x5d718a6b1b8545fa922c51b76412bc1fc7038129,0x5c0f00551cc7606de321b9e3ab8f335f6e611edd,0x278dae6f8543a646924f5b62af2a891536e9e6f2,0x4200000000000000000000000000000000000006,WETH,11680983840109896,0.01168098384,27.91,0xd9aaec86b65d86f6a7b5b1b0c42ffa531710b6ca,USDbC,eb2e2a7b05ba8119deac638c8d87a45f,2025-02-26 23:02:58.153,2025-02-26 23:02:58.153
9564910,2024-01-22 10:26:07.000,0x2564e9c2a117a94be8c4ea281fb7e0daf1cd7d4d2d0d5e075fbf1ba3f9b5fd57,0xa238dd80c259a72e81d7e4664a9801593f98d1c5,LiquidationCall,31,0x01e4a769,0x32f8c8b40b62a73d514e8be0f58074edba533937,0x5d718a6b1b8545fa922c51b76412bc1fc7038129,Aave V3,0x5d718a6b1b8545fa922c51b76412bc1fc7038129,0xe4a769663ce4d2148be741ec9fe494a66d5e9fb4,0x89f9680c08e203febb0bff850cc65d075a263c81,0x4200000000000000000000000000000000000006,WETH,4375368097262614,0.004375368097,10.58,0xd9aaec86b65d86f6a7b5b1b0c42ffa531710b6ca,USDbC,29ccc25f9eca53715fc32cee7f33bbe1,2025-02-26 23:02:58.153,2025-02-26 23:02:58.153
9586952,2024-01-22 22:40:51.000,0x4ea5026e8a9e9c901c9639545c32f9288793bfc08f6683c1223be3897718fe9b,0xa238dd80c259a72e81d7e4664a9801593f98d1c5,LiquidationCall,21,0x01dffae6,0x32f8c8b40b62a73d514e8be0f58074edba533937,0x5d718a6b1b8545fa922c51b76412bc1fc7038129,Aave V3,0x5d718a6b1b8545fa922c51b76412bc1fc7038129,0xdffae66799832fb7758d4b5b8cd9077fd3c2fce8,0x48bf8fcd44e2977c8a9a744658431a8e6c0d866c,0x4200000000000000000000000000000000000006,WETH,5687288202345405,0.005687288202,13.27,0xd9aaec86b65d86f6a7b5b1b0c42ffa531710b6ca,USDbC,7f53f5346ec87f7d19178a270b551d17,2025-02-26 23:02:58.153,2025-02-26 23:02:58.153
9574117,2024-01-22 15:33:01.000,0x617365add3a5eb32634f48fa73903853d2d5c00d2111926c550c9d04a040e756,0xa238dd80c259a72e81d7e4664a9801593f98d1c5,LiquidationCall,36,0x01cbcb23,0x32f8c8b40b62a73d514e8be0f58074edba533937,0x5d718a6b1b8545fa922c51b76412bc1fc7038129,Aave V3,0x5d718a6b1b8545fa922c51b76412bc1fc7038129,0xcbcb236c7e788ff583de6e827f77013fdd973262,0x002c619f0390830e14efea5acec6d9c7093da54b,0x4200000000000000000000000000000000000006,WETH,9733764820283694,0.00973376482,23.26,0xd9aaec86b65d86f6a7b5b1b0c42ffa531710b6ca,USDbC,19e66a87f5d6e091cfa89c09087a53b8,2025-02-26 23:02:58.153,2025-02-26 23:02:58.153
9580898,2024-01-22 19:19:03.000,0x750713d8dd8917e4c461a8127823987ef4ba2ce544e5eb7605216e116bf56fc0,0xa238dd80c259a72e81d7e4664a9801593f98d1c5,LiquidationCall,30,0x016f0cf1,0x32f8c8b40b62a73d514e8be0f58074edba533937,0x5d718a6b1b8545fa922c51b76412bc1fc7038129,Aave V3,0x5d718a6b1b8545fa922c51b76412bc1fc7038129,0x6f0cf10f75cc463e67e814bd1cf0c07f4e430f88,0x89f9680c08e203febb0bff850cc65d075a263c81,0x4200000000000000000000000000000000000006,WETH,2534917567775353,0.002534917568,6.01,0xd9aaec86b65d86f6a7b5b1b0c42ffa531710b6ca,USDbC,6d1ef2b73a2923367aa6066dcd93362f,2025-02-26 23:02:58.153,2025-02-26 23:02:58.153
9564037,2024-01-22 09:57:01.000,0x014b9552a37fdf3a5ce80ad0132093c797c8334205b7e7ab9056f9367135314b,0xa238dd80c259a72e81d7e4664a9801593f98d1c5,LiquidationCall,101,0x014f5585,0x32f8c8b40b62a73d514e8be0f58074edba533937,0x5d718a6b1b8545fa922c51b76412bc1fc7038129,Aave V3,0x5d718a6b1b8545fa922c51b76412bc1fc7038129,0x4f5585b74925aa9bf0c13d6c71a5fa2855fcb64b,0x89f9680c08e203febb0bff850cc65d075a263c81,0x4200000000000000000000000000000000000006,WETH,4956031653587675,0.004956031654,12.03,0xd9aaec86b65d86f6a7b5b1b0c42ffa531710b6ca,USDbC,6ef0ca87bdf4a770b05d83e50be7d6f5,2025-02-26 23:02:58.153,2025-02-26 23:02:58.153
9555105,2024-01-22 04:59:17.000,0x485f86b9ea5507f24bbb5691bfdd312b4e343f76d0b9687ed621aafb3fa9e8d3,0xa238dd80c259a72e81d7e4664a9801593f98d1c5,LiquidationCall,41,0x017eda1a,0x32f8c8b40b62a73d514e8be0f58074edba533937,0x5d718a6b1b8545fa922c51b76412bc1fc7038129,Aave V3,0x5d718a6b1b8545fa922c51b76412bc1fc7038129,0x7eda1a84a68c8b15b96353522aa378ea286f0a71,0x48bf8fcd44e2977c8a9a744658431a8e6c0d866c,0x4200000000000000000000000000000000000006,WETH,4873660146692936,0.004873660147,11.93,0xd9aaec86b65d86f6a7b5b1b0c42ffa531710b6ca,USDbC,3d38271b085a0d7d5e291bb93e862291,2025-02-26 23:02:58.153,2025-02-26 23:02:58.153
9568805,2024-01-22 12:35:57.000,0xeb1f93ecb0f0f91c86d0cb8b95e88c50409b9c3b684aa3dcdaeffc11a4af68e3,0xa238dd80c259a72e81d7e4664a9801593f98d1c5,LiquidationCall,24,0x01ca7f43,0x32f8c8b40b62a73d514e8be0f58074edba533937,0x5d718a6b1b8545fa922c51b76412bc1fc7038129,Aave V3,0x5d718a6b1b8545fa922c51b76412bc1fc7038129,0xca7f43040edb3102acec7893fe8470206cf06dba,0xd4a0e0b9149bcee3c920d2e00b5de09138fd8bb7,0x4200000000000000000000000000000000000006,WETH,3067262773632118,0.003067262774,7.31,0xd9aaec86b65d86f6a7b5b1b0c42ffa531710b6ca,USDbC,4eb1577f691bbec25649fa857b08f5d6,2025-02-26 23:02:58.153,2025-02-26 23:02:58.153
9564790,2024-01-22 10:22:07.000,0xbe44ab21b8ebf2723c42a8223bd273509d49be4f5afb5c73413a1a0979e4c140,0xa238dd80c259a72e81d7e4664a9801593f98d1c5,LiquidationCall,53,0x0152d2bc,0x32f8c8b40b62a73d514e8be0f58074edba533937,0x5d718a6b1b8545fa922c51b76412bc1fc7038129,Aave V3,0x5d718a6b1b8545fa922c51b76412bc1fc7038129,0x52d2bc0e20346a3037d685386eb4a83bf9515d12,0x89f9680c08e203febb0bff850cc65d075a263c81,0x4200000000000000000000000000000000000006,WETH,4850343219936511,0.00485034322,11.73,0xd9aaec86b65d86f6a7b5b1b0c42ffa531710b6ca,USDbC,af7e133b284a155fce1dd4b97b7b505b,2025-02-26 23:02:58.153,2025-02-26 23:02:58.153
9564188,2024-01-22 10:02:03.000,0xb863e5f732318692a4439282c7bdfc980337d4db4534b48c2f2b1694b3df46a8,0xa238dd80c259a72e81d7e4664a9801593f98d1c5,LiquidationCall,57,0x0112f21d,0x32f8c8b40b62a73d514e8be0f58074edba533937,0x5d718a6b1b8545fa922c51b76412bc1fc7038129,Aave V3,0x5d718a6b1b8545fa922c51b76412bc1fc7038129,0x12f21d61881bd8bb7c13e89fd3e71bea96ef8a12,0x89f9680c08e203febb0bff850cc65d075a263c81,0x4200000000000000000000000000000000000006,WETH,5025285801786550,0.005025285802,12.16,0xd9aaec86b65d86f6a7b5b1b0c42ffa531710b6ca,USDbC,2a2626ed6e014277bd84cf50ca954ef1,2025-02-26 23:02:58.153,2025-02-26 23:02:58.153
9581318,2024-01-22 19:33:03.000,0xcbe08d4e1099eddd1387370440d866efd5cdc375ba47f81a9a412d06380e8234,0xa238dd80c259a72e81d7e4664a9801593f98d1c5,LiquidationCall,47,0x01bda984,0x32f8c8b40b62a73d514e8be0f58074edba533937,0x5d718a6b1b8545fa922c51b76412bc1fc7038129,Aave V3,0x5d718a6b1b8545fa922c51b76412bc1fc7038129,0xbda984cc978b8f68d4e93cc54ffbaa1adb8e7874,0x89f9680c08e203febb0bff850cc65d075a263c81,0x4200000000000000000000000000000000000006,WETH,3160540139398250,0.003160540139,7.49,0xd9aaec86b65d86f6a7b5b1b0c42ffa531710b6ca,USDbC,8cbf90808e734b7227314c5a9976a7c3,2025-02-26 23:02:58.153,2025-02-26 23:02:58.153
9606484,2024-01-23 09:31:55.000,0x79081de6e395caa60d56fa28dcf829545d8118d5b652c01ad4e1756087a1b04d,0xa238dd80c259a72e81d7e4664a9801593f98d1c5,LiquidationCall,25,0x018e823f,0x32f8c8b40b62a73d514e8be0f58074edba533937,0x5d718a6b1b8545fa922c51b76412bc1fc7038129,Aave V3,0x5d718a6b1b8545fa922c51b76412bc1fc7038129,0x8e823f96467be0c298e00d91cc8f5825d8b6fd40,0x89f9680c08e203febb0bff850cc65d075a263c81,0x4200000000000000000000000000000000000006,WETH,14263532897977208,0.0142635329,33.23,0xd9aaec86b65d86f6a7b5b1b0c42ffa531710b6ca,USDbC,8a5da1f2b826803bf2d7c3591e3ac6d1,2025-02-26 23:02:58.153,2025-02-26 23:02:58.153
9610860,2024-01-23 11:57:47.000,0xb71e03739a35f43cf70202dc9894da164c53470bdcc69d8b4f6c5b3438434438,0xa238dd80c259a72e81d7e4664a9801593f98d1c5,LiquidationCall,22,0x011bde0d,0x32f8c8b40b62a73d514e8be0f58074edba533937,0x5d718a6b1b8545fa922c51b76412bc1fc7038129,Aave V3,0x5d718a6b1b8545fa922c51b76412bc1fc7038129,0x1bde0d106ea30dbc6c2e85ee4dde17e2d1221025,0x89f9680c08e203febb0bff850cc65d075a263c81,0x4200000000000000000000000000000000000006,WETH,2378395205367253,0.002378395205,5.3,0xd9aaec86b65d86f6a7b5b1b0c42ffa531710b6ca,USDbC,8b887bab32c499c1da05b278cb00347a,2025-02-26 23:02:58.153,2025-02-26 23:02:58.153
9606366,2024-01-23 09:27:59.000,0x0a7233301b6bcec7e04703c74715877a7c22668cd1380995c15a63a8d186eec0,0xa238dd80c259a72e81d7e4664a9801593f98d1c5,LiquidationCall,451,0x01cc8f05,0x32f8c8b40b62a73d514e8be0f58074edba533937,0x5d718a6b1b8545fa922c51b76412bc1fc7038129,Aave V3,0x5d718a6b1b8545fa922c51b76412bc1fc7038129,0xcc8f05510dced829328012c09ec20d8e8f1fb70b,0x89f9680c08e203febb0bff850cc65d075a263c81,0x4200000000000000000000000000000000000006,WETH,11185949742469864,0.01118594974,26.06,0xd9aaec86b65d86f6a7b5b1b0c42ffa531710b6ca,USDbC,a53c4fa3498544212a4c541f05132f9e,2025-02-26 23:02:58.153,2025-02-26 23:02:58.153
9606480,2024-01-23 09:31:47.000,0x4c1153150feb97f10f2ebfa22cd3b06aa02eaea3e7e53dd3f9aa02064090b7b4,0xa238dd80c259a72e81d7e4664a9801593f98d1c5,LiquidationCall,68,0x0161a8ad,0x32f8c8b40b62a73d514e8be0f58074edba533937,0x5d718a6b1b8545fa922c51b76412bc1fc7038129,Aave V3,0x5d718a6b1b8545fa922c51b76412bc1fc7038129,0x61a8ad254a4df9e33d1b108863b4682fa2937753,0x89f9680c08e203febb0bff850cc65d075a263c81,0x4200000000000000000000000000000000000006,WETH,4920136371458901,0.004920136371,11.46,0xd9aaec86b65d86f6a7b5b1b0c42ffa531710b6ca,USDbC,b2a604c7c939cf0fea2c467e8fd57b00,2025-02-26 23:02:58.153,2025-02-26 23:02:58.153
9606502,2024-01-23 09:32:31.000,0xaa6a4435d6e3b8206da6db6786c8bfce9e4335e636969d190a0a1710a04485ac,0xa238dd80c259a72e81d7e4664a9801593f98d1c5,LiquidationCall,27,0x,0xeff28842ac1b67f55277d9fc9eb103641bfce8c8,0xdfba3708aa32b189ce9d752f65a1350e8d955a1a,Aave V3,0x87c71331f516e7ed346a93f9b1aab9209ea52a16,0xf2f0b05676d1de3920401bb9639ae260fdffc09f,0x278dae6f8543a646924f5b62af2a891536e9e6f2,0x4200000000000000000000000000000000000006,WETH,4546468259850685400,4.54646826,10591.5,0x833589fcd6edb6e08f4c7c32d4f71b54bda02913,USDC,b74450a30ec9d349e786177efa6ebf51,2025-02-26 23:02:58.153,2025-02-26 23:02:58.153
9610440,2024-01-23 11:43:47.000,0xcd74905530b2f5d11f3a5c77555d0bbf4436473c01b48f61d370fcaac557ba4c,0xa238dd80c259a72e81d7e4664a9801593f98d1c5,LiquidationCall,44,0x011ce3b7,0x32f8c8b40b62a73d514e8be0f58074edba533937,0x5d718a6b1b8545fa922c51b76412bc1fc7038129,Aave V3,0x5d718a6b1b8545fa922c51b76412bc1fc7038129,0x1ce3b785f288dc2ed235719f6fc974064c3b982a,0x89f9680c08e203febb0bff850cc65d075a263c81,0x4200000000000000000000000000000000000006,WETH,15377549263982970,0.01537754926,34.27,0xd9aaec86b65d86f6a7b5b1b0c42ffa531710b6ca,USDbC,00c2306949b6f3ad0ab4df7f28e2719c,2025-02-26 23:02:58.153,2025-02-26 23:02:58.153
9607838,2024-01-23 10:17:03.000,0x07dca38f61755ecf1d4eed6b6bd4308567fd6ec4560b70bf7c928273303947a4,0xa238dd80c259a72e81d7e4664a9801593f98d1c5,LiquidationCall,55,0x01b63eca,0x32f8c8b40b62a73d514e8be0f58074edba533937,0x5d718a6b1b8545fa922c51b76412bc1fc7038129,Aave V3,0x5d718a6b1b8545fa922c51b76412bc1fc7038129,0xb63eca36823604b71e8b31e5f6de33fb74f9cd15,0x89f9680c08e203febb0bff850cc65d075a263c81,0x4200000000000000000000000000000000000006,WETH,10797676158737808,0.01079767616,25.14,0xd9aaec86b65d86f6a7b5b1b0c42ffa531710b6ca,USDbC,5a8c5692aa6ebf123f192fa61ef236ff,2025-02-26 23:02:58.153,2025-02-26 23:02:58.153
9606473,2024-01-23 09:31:33.000,0xb940d3c1d5f7ae968d39d928a85d9cfd52cbb4e7dea0882386e58a578d81fbf2,0xa238dd80c259a72e81d7e4664a9801593f98d1c5,LiquidationCall,56,0x0845a7e9,0x07454c4d1d0a71f49926d68804cb6f65f2607723,0x1b3bcad82c1c5223fe5e6ea0f7a41947d1a01ac2,Aave V3,0x1b3bcad82c1c5223fe5e6ea0f7a41947d1a01ac2,0x74f75e2962184ea1169966541412ca8ce90ca719,0x002c619f0390830e14efea5acec6d9c7093da54b,0x4200000000000000000000000000000000000006,WETH,18188565392252984,0.01818856539,42.37,0xd9aaec86b65d86f6a7b5b1b0c42ffa531710b6ca,USDbC,e203487ed44960aeb0ed08f60ba00b0a,2025-02-26 23:02:58.153,2025-02-26 23:02:58.153
9604206,2024-01-23 08:15:59.000,0x4b9cb4e4d7add8ce7faff8df237688a4c19fcdb4127281e239821495245b12cb,0xa238dd80c259a72e81d7e4664a9801593f98d1c5,LiquidationCall,36,0x01e3e1fe,0x32f8c8b40b62a73d514e8be0f58074edba533937,0x5d718a6b1b8545fa922c51b76412bc1fc7038129,Aave V3,0x5d718a6b1b8545fa922c51b76412bc1fc7038129,0xe3e1fe23b82ffcc26ed249ad3897c2704373d380,0x278dae6f8543a646924f5b62af2a891536e9e6f2,0x4200000000000000000000000000000000000006,WETH,18537669620861668,0.01853766962,43.45,0xd9aaec86b65d86f6a7b5b1b0c42ffa531710b6ca,USDbC,e330cc5119a42a6f691b5a3e901d772c,2025-02-26 23:02:58.153,2025-02-26 23:02:58.153
9605513,2024-01-23 08:59:33.000,0xa22057bceb405abe36b021c2438945c368c1f930e79b0c4d2c203deb068a9118,0xa238dd80c259a72e81d7e4664a9801593f98d1c5,LiquidationCall,33,0x01496448,0x32f8c8b40b62a73d514e8be0f58074edba533937,0x5d718a6b1b8545fa922c51b76412bc1fc7038129,Aave V3,0x5d718a6b1b8545fa922c51b76412bc1fc7038129,0x4964487361fe3b13364e4b479c68205f5ea958ff,0x89f9680c08e203febb0bff850cc65d075a263c81,0x4200000000000000000000000000000000000006,WETH,2625958681820476,0.002625958682,6.16,0xd9aaec86b65d86f6a7b5b1b0c42ffa531710b6ca,USDbC,865abb7cb184f1ea054857a405a9d53a,2025-02-26 23:02:58.153,2025-02-26 23:02:58.153
9606304,2024-01-23 09:25:55.000,0xf2d31658edd0b14230973dbafa9bb79aab39870c3ea3a4ee24662acd0c664305,0xa238dd80c259a72e81d7e4664a9801593f98d1c5,LiquidationCall,65,0x01d7bf93,0x32f8c8b40b62a73d514e8be0f58074edba533937,0x5d718a6b1b8545fa922c51b76412bc1fc7038129,Aave V3,0x5d718a6b1b8545fa922c51b76412bc1fc7038129,0xd7bf9346bb0117af7bb116e0d0b09bcf181fe6f7,0x89f9680c08e203febb0bff850cc65d075a263c81,0x4200000000000000000000000000000000000006,WETH,5237892424102896,0.005237892424,12.2,0xd9aaec86b65d86f6a7b5b1b0c42ffa531710b6ca,USDbC,89d8d47989c86a12d58575e503dcac07,2025-02-26 23:02:58.153,2025-02-26 23:02:58.153
9615192,2024-01-23 14:22:11.000,0x925c0db782f118a3881aa822080b69b9caffead0a522634da75f8860bb6772e4,0xa238dd80c259a72e81d7e4664a9801593f98d1c5,LiquidationCall,55,0x0126281f,0x32f8c8b40b62a73d514e8be0f58074edba533937,0x5d718a6b1b8545fa922c51b76412bc1fc7038129,Aave V3,0x5d718a6b1b8545fa922c51b76412bc1fc7038129,0x26281fde5f8db445a58bfe7dc5be89a10251a86b,0xd4a0e0b9149bcee3c920d2e00b5de09138fd8bb7,0x4200000000000000000000000000000000000006,WETH,8566573070511747,0.008566573071,18.93,0xd9aaec86b65d86f6a7b5b1b0c42ffa531710b6ca,USDbC,1d658b480dd820566f1d1b46f5a5a171,2025-02-26 23:02:58.153,2025-02-26 23:02:58.153
9605843,2024-01-23 09:10:33.000,0x96e7995b49e562d00d4669c9784f882503f2c34bd79964683a35b88034acfd69,0xa238dd80c259a72e81d7e4664a9801593f98d1c5,LiquidationCall,42,0x018c0318,0x32f8c8b40b62a73d514e8be0f58074edba533937,0x5d718a6b1b8545fa922c51b76412bc1fc7038129,Aave V3,0x5d718a6b1b8545fa922c51b76412bc1fc7038129,0x8c0318e86650cf28123167e42d8360a918d8d997,0x89f9680c08e203febb0bff850cc65d075a263c81,0x4200000000000000000000000000000000000006,WETH,7003579915545243,0.007003579916,16.32,0xd9aaec86b65d86f6a7b5b1b0c42ffa531710b6ca,USDbC,3029420fa085a32103c775624034fb76,2025-02-26 23:02:58.153,2025-02-26 23:02:58.153
9606360,2024-01-23 09:27:47.000,0x9dc3b8733f3c2b1b65c3016a80313edba16e155d221bb73725085dcdb4a26a25,0xa238dd80c259a72e81d7e4664a9801593f98d1c5,LiquidationCall,53,0x017feb1d,0x32f8c8b40b62a73d514e8be0f58074edba533937,0x5d718a6b1b8545fa922c51b76412bc1fc7038129,Aave V3,0x5d718a6b1b8545fa922c51b76412bc1fc7038129,0x7feb1d0b2a6ea635f82c154c4d9dcd2489b0c9cd,0x89f9680c08e203febb0bff850cc65d075a263c81,0x4200000000000000000000000000000000000006,WETH,11460601521705874,0.01146060152,26.7,0xd9aaec86b65d86f6a7b5b1b0c42ffa531710b6ca,USDbC,3d132414fc9c3cf8cfb4f40dd10a6326,2025-02-26 23:02:58.153,2025-02-26 23:02:58.153
9606363,2024-01-23 09:27:53.000,0x8b1b2c1e4a0f08ff9547911c5f666b308c4e5f43cafe1a54a21610c031ed8f56,0xa238dd80c259a72e81d7e4664a9801593f98d1c5,LiquidationCall,108,0x013f02f1,0x32f8c8b40b62a73d514e8be0f58074edba533937,0x5d718a6b1b8545fa922c51b76412bc1fc7038129,Aave V3,0x5d718a6b1b8545fa922c51b76412bc1fc7038129,0x3f02f1f3421a009b07d0b3f8bceb5bfcf1b1fd99,0x89f9680c08e203febb0bff850cc65d075a263c81,0x4200000000000000000000000000000000000006,WETH,2802641417118766,0.002802641417,6.53,0xd9aaec86b65d86f6a7b5b1b0c42ffa531710b6ca,USDbC,b4780c5a51f10cad84bab8b47be398be,2025-02-26 23:02:58.153,2025-02-26 23:02:58.153
9614924,2024-01-23 14:13:15.000,0x11a5a82baae4bf2ff74e5a56f733c31c9fc0e07526df82ef32aa2282872aa845,0xa238dd80c259a72e81d7e4664a9801593f98d1c5,LiquidationCall,38,0x018adf5e,0x32f8c8b40b62a73d514e8be0f58074edba533937,0x5d718a6b1b8545fa922c51b76412bc1fc7038129,Aave V3,0x5d718a6b1b8545fa922c51b76412bc1fc7038129,0x8adf5e94047ecec58e29b11b00a32f4e8f09cd04,0x002c619f0390830e14efea5acec6d9c7093da54b,0x4200000000000000000000000000000000000006,WETH,8918965816659053,0.008918965817,19.7,0xd9aaec86b65d86f6a7b5b1b0c42ffa531710b6ca,USDbC,0f465e82957b8ad1cb3aa7cb2b90891e,2025-02-26 23:02:58.153,2025-02-26 23:02:58.153
9607163,2024-01-23 09:54:33.000,0xcae34e13c6e93d57d345ed2ba1ddd3216a892751f8512f528e9eaeb2d5f6ab90,0xa238dd80c259a72e81d7e4664a9801593f98d1c5,LiquidationCall,42,0x010cf341,0x32f8c8b40b62a73d514e8be0f58074edba533937,0x5d718a6b1b8545fa922c51b76412bc1fc7038129,Aave V3,0x5d718a6b1b8545fa922c51b76412bc1fc7038129,0x0cf341c74cf06c1c9c98c678a3597e6a7c1bf594,0x89f9680c08e203febb0bff850cc65d075a263c81,0x4200000000000000000000000000000000000006,WETH,12629836505721424,0.01262983651,29.42,0xd9aaec86b65d86f6a7b5b1b0c42ffa531710b6ca,USDbC,c9cacc1dd2778c11e1ef4315615c674d,2025-02-26 23:02:58.153,2025-02-26 23:02:58.153
9605812,2024-01-23 09:09:31.000,0x9393bda5c6cb8a06b1cb8f2da08cee2c763c410ae7e2cc4fec10c3956d9b63fc,0xa238dd80c259a72e81d7e4664a9801593f98d1c5,LiquidationCall,44,0x01470bd0,0x32f8c8b40b62a73d514e8be0f58074edba533937,0x5d718a6b1b8545fa922c51b76412bc1fc7038129,Aave V3,0x5d718a6b1b8545fa922c51b76412bc1fc7038129,0x470bd02712ada0b1c583d2292bfa523575e3bab6,0x278dae6f8543a646924f5b62af2a891536e9e6f2,0x4200000000000000000000000000000000000006,WETH,4719374095200926,0.004719374095,10.99,0xd9aaec86b65d86f6a7b5b1b0c42ffa531710b6ca,USDbC,4e31a0532e00b101d984b6e81662fcbf,2025-02-26 23:02:58.153,2025-02-26 23:02:58.153
9607178,2024-01-23 09:55:03.000,0xdebb8c11bd0bbfd43e7c05b9492663823fa91a1d8e8466cfc99f3c07edce209d,0xa238dd80c259a72e81d7e4664a9801593f98d1c5,LiquidationCall,13,0x0845a7e9,0x002f70367bc91422d609953a0cb28ba8f63d7e2e,0x1b3bcad82c1c5223fe5e6ea0f7a41947d1a01ac2,Aave V3,0x1b3bcad82c1c5223fe5e6ea0f7a41947d1a01ac2,0xb149f353383ab92e74c4cba3feb848b04bfb3617,0x89f9680c08e203febb0bff850cc65d075a263c81,0x4200000000000000000000000000000000000006,WETH,1435516175187316700,1.435516175,3344.19,0x833589fcd6edb6e08f4c7c32d4f71b54bda02913,USDC,b97b5a8ef1b9048e6a7523b3fcb11935,2025-02-26 23:02:58.153,2025-02-26 23:02:58.153
9606302,2024-01-23 09:25:51.000,0xb0606f69199db85d1361de987ecf807156ebb8b405cdb8e67f99f68db99e67f4,0xa238dd80c259a72e81d7e4664a9801593f98d1c5,LiquidationCall,100,0x01213c36,0x32f8c8b40b62a73d514e8be0f58074edba533937,0x5d718a6b1b8545fa922c51b76412bc1fc7038129,Aave V3,0x5d718a6b1b8545fa922c51b76412bc1fc7038129,0x213c3640c2ca6bd23bb3fe33da4ce88f143a02c9,0x278dae6f8543a646924f5b62af2a891536e9e6f2,0x4200000000000000000000000000000000000006,WETH,3895775712625997,0.003895775713,9.08,0xd9aaec86b65d86f6a7b5b1b0c42ffa531710b6ca,USDbC,8a774b6b8727bb73d587872cfb5bcd0b,2025-02-26 23:02:58.153,2025-02-26 23:02:58.153
9606300,2024-01-23 09:25:47.000,0xd80725e873677c5066aa42f34a3cc53cbf76cd1684d3dae65608387f56fcafa9,0xa238dd80c259a72e81d7e4664a9801593f98d1c5,LiquidationCall,86,0x01ef2e3f,0x32f8c8b40b62a73d514e8be0f58074edba533937,0x5d718a6b1b8545fa922c51b76412bc1fc7038129,Aave V3,0x5d718a6b1b8545fa922c51b76412bc1fc7038129,0xef2e3fac10a4d3128225519e69c8e29ce18a12f1,0xd4a0e0b9149bcee3c920d2e00b5de09138fd8bb7,0x4200000000000000000000000000000000000006,WETH,8604428198673038,0.008604428199,20.04,0xd9aaec86b65d86f6a7b5b1b0c42ffa531710b6ca,USDbC,5e6e990296e8ac94a7dcb7db079bce85,2025-02-26 23:02:58.153,2025-02-26 23:02:58.153
9615195,2024-01-23 14:22:17.000,0xa783001312c49eb8a581a218a03360756b2279f88daa339e98f27a0eb3a2e127,0xa238dd80c259a72e81d7e4664a9801593f98d1c5,LiquidationCall,34,0x01974885,0x32f8c8b40b62a73d514e8be0f58074edba533937,0x5d718a6b1b8545fa922c51b76412bc1fc7038129,Aave V3,0x5d718a6b1b8545fa922c51b76412bc1fc7038129,0x974885e1ab4c4eab3aa313597b5bedd4a7555a25,0x48bf8fcd44e2977c8a9a744658431a8e6c0d866c,0x4200000000000000000000000000000000000006,WETH,5899289295054013,0.005899289295,13.03,0xd9aaec86b65d86f6a7b5b1b0c42ffa531710b6ca,USDbC,9951fd4975f1f148ca419c7f807d47c8,2025-02-26 23:02:58.153,2025-02-26 23:02:58.153
9606600,2024-01-23 09:35:47.000,0xcb2b2fb4671a582d0606d01b9bb43b52ec80bc1e03d48a1ade309553547a7851,0xa238dd80c259a72e81d7e4664a9801593f98d1c5,LiquidationCall,35,0x017a2236,0x32f8c8b40b62a73d514e8be0f58074edba533937,0x5d718a6b1b8545fa922c51b76412bc1fc7038129,Aave V3,0x5d718a6b1b8545fa922c51b76412bc1fc7038129,0x7a22363a7f15157e8562434a95db25ced4d95bcb,0x89f9680c08e203febb0bff850cc65d075a263c81,0x4200000000000000000000000000000000000006,WETH,2708745723946229,0.002708745724,6.31,0xd9aaec86b65d86f6a7b5b1b0c42ffa531710b6ca,USDbC,0bd34c00e74f50c13f043eb41039c037,2025-02-26 23:02:58.153,2025-02-26 23:02:58.153
9614864,2024-01-23 14:11:15.000,0x3bf5e422544b1bbdb383cc4d9c0b33298d482d340dc8def88e889270376c7b78,0xa238dd80c259a72e81d7e4664a9801593f98d1c5,LiquidationCall,55,0x01a12380,0x32f8c8b40b62a73d514e8be0f58074edba533937,0x5d718a6b1b8545fa922c51b76412bc1fc7038129,Aave V3,0x5d718a6b1b8545fa922c51b76412bc1fc7038129,0xa123809a882710fd3a77253e61d4895f50fe1239,0xd4a0e0b9149bcee3c920d2e00b5de09138fd8bb7,0x4200000000000000000000000000000000000006,WETH,3591502599206398,0.003591502599,7.93,0xd9aaec86b65d86f6a7b5b1b0c42ffa531710b6ca,USDbC,6af6000ff403d2ccb192624a64d648ac,2025-02-26 23:02:58.153,2025-02-26 23:02:58.153
9610421,2024-01-23 11:43:09.000,0xd854737fdc448d8db7281db4a3723dbc51e6f818499dc95c8c0be9bd99c40d07,0xa238dd80c259a72e81d7e4664a9801593f98d1c5,LiquidationCall,112,0x0107689e,0x32f8c8b40b62a73d514e8be0f58074edba533937,0x5d718a6b1b8545fa922c51b76412bc1fc7038129,Aave V3,0x5d718a6b1b8545fa922c51b76412bc1fc7038129,0x07689ec74407516bb51f5ae404007b558af36fbe,0x002c619f0390830e14efea5acec6d9c7093da54b,0x4200000000000000000000000000000000000006,WETH,3549754951958832,0.003549754952,7.91,0x833589fcd6edb6e08f4c7c32d4f71b54bda02913,USDC,836199d9cdd4e12090ea24b533bdbf68,2025-02-26 23:02:58.153,2025-02-26 23:02:58.153
9606308,2024-01-23 09:26:03.000,0xeb6f3a80588b1daa519dd8c3c6830c618c7e1337cdda0810af1b4e20e03eb961,0xa238dd80c259a72e81d7e4664a9801593f98d1c5,LiquidationCall,33,0x01f1835f,0x32f8c8b40b62a73d514e8be0f58074edba533937,0x5d718a6b1b8545fa922c51b76412bc1fc7038129,Aave V3,0x5d718a6b1b8545fa922c51b76412bc1fc7038129,0xf1835f86e96c0cc427f5457fa93e94c2c33e80a6,0xd4a0e0b9149bcee3c920d2e00b5de09138fd8bb7,0x4200000000000000000000000000000000000006,WETH,43649164256731144,0.04364916426,101.69,0x833589fcd6edb6e08f4c7c32d4f71b54bda02913,USDC,b3400091cd547b454601c4dc674ad515,2025-02-26 23:02:58.153,2025-02-26 23:02:58.153
9606602,2024-01-23 09:35:51.000,0x360f6dff607f642fe51469660d021ba1abf7970362641117af576ab70de044c1,0xa238dd80c259a72e81d7e4664a9801593f98d1c5,LiquidationCall,58,0x01985277,0x32f8c8b40b62a73d514e8be0f58074edba533937,0x5d718a6b1b8545fa922c51b76412bc1fc7038129,Aave V3,0x5d718a6b1b8545fa922c51b76412bc1fc7038129,0x98527762e977c38389d9f72078c1d5b6c7f441ad,0x002c619f0390830e14efea5acec6d9c7093da54b,0x4200000000000000000000000000000000000006,WETH,8692741564771148,0.008692741565,20.25,0xd9aaec86b65d86f6a7b5b1b0c42ffa531710b6ca,USDbC,0dd29e0a7bc482119d47a7f363ff20f5,2025-02-26 23:02:58.153,2025-02-26 23:02:58.153
9606482,2024-01-23 09:31:51.000,0x95fe97bfe907ba929dfa387fe47d0e3223c9b8e2290a41f7f09193b849202edd,0xa238dd80c259a72e81d7e4664a9801593f98d1c5,LiquidationCall,24,0x019af7b5,0x32f8c8b40b62a73d514e8be0f58074edba533937,0x5d718a6b1b8545fa922c51b76412bc1fc7038129,Aave V3,0x5d718a6b1b8545fa922c51b76412bc1fc7038129,0x9af7b55e40d4dcc8258e949da32743f2b9cb2b84,0xd4a0e0b9149bcee3c920d2e00b5de09138fd8bb7,0x4200000000000000000000000000000000000006,WETH,5914185485608149,0.005914185486,13.78,0xd9aaec86b65d86f6a7b5b1b0c42ffa531710b6ca,USDbC,ff3ec22862704ffcad0e1a4f0c3524bb,2025-02-26 23:02:58.153,2025-02-26 23:02:58.153
9615057,2024-01-23 14:17:41.000,0x63c9ae87c4df00c6ddd92713479488d8d6de30e2ec0ce639bf86f30617d8ffba,0xa238dd80c259a72e81d7e4664a9801593f98d1c5,LiquidationCall,98,0x01f8b2d1,0x32f8c8b40b62a73d514e8be0f58074edba533937,0x5d718a6b1b8545fa922c51b76412bc1fc7038129,Aave V3,0x5d718a6b1b8545fa922c51b76412bc1fc7038129,0xf8b2d157647a184eeae60780b995f553b56a3d9d,0x89f9680c08e203febb0bff850cc65d075a263c81,0x4200000000000000000000000000000000000006,WETH,4802488680455739,0.00480248868,10.61,0xd9aaec86b65d86f6a7b5b1b0c42ffa531710b6ca,USDbC,be0425cb64f770c8d9a46bcf103de86b,2025-02-26 23:02:58.153,2025-02-26 23:02:58.153
9604261,2024-01-23 08:17:49.000,0xcfd407c3e2a92bb19ee6d6c2f42539cb041ff77e33317dc2d87b4c88d9fad21d,0xa238dd80c259a72e81d7e4664a9801593f98d1c5,LiquidationCall,25,0x014f81cf,0x32f8c8b40b62a73d514e8be0f58074edba533937,0x5d718a6b1b8545fa922c51b76412bc1fc7038129,Aave V3,0x5d718a6b1b8545fa922c51b76412bc1fc7038129,0x4f81cf0ea6bd4157736f1a71c15567201cd842ba,0x48bf8fcd44e2977c8a9a744658431a8e6c0d866c,0x4200000000000000000000000000000000000006,WETH,6315822199325929,0.006315822199,14.81,0xd9aaec86b65d86f6a7b5b1b0c42ffa531710b6ca,USDbC,a028b205e7154a5d9bf4d05c7f9065d2,2025-02-26 23:02:58.153,2025-02-26 23:02:58.153
9607500,2024-01-23 10:05:47.000,0xdf1d03ac53503aa71e25cff3ff7bdcb2d175d25ceda71dbb308e15c6ec8d0428,0xa238dd80c259a72e81d7e4664a9801593f98d1c5,LiquidationCall,44,0x0183b8e2,0x32f8c8b40b62a73d514e8be0f58074edba533937,0x5d718a6b1b8545fa922c51b76412bc1fc7038129,Aave V3,0x5d718a6b1b8545fa922c51b76412bc1fc7038129,0x83b8e2a7acc510c8bef905cfa03962244c798e49,0x48bf8fcd44e2977c8a9a744658431a8e6c0d866c,0x4200000000000000000000000000000000000006,WETH,7886642374520864,0.007886642375,18.36,0xd9aaec86b65d86f6a7b5b1b0c42ffa531710b6ca,USDbC,1f5810b21d80cc0b20d7d3541d39e835,2025-02-26 23:02:58.153,2025-02-26 23:02:58.153
9605640,2024-01-23 09:03:47.000,0xf458a2e06907fe99006f08d0ceaa7380b294fb11b032bc7e3a00b5177982042f,0xa238dd80c259a72e81d7e4664a9801593f98d1c5,LiquidationCall,48,0x0196ef11,0x32f8c8b40b62a73d514e8be0f58074edba533937,0x5d718a6b1b8545fa922c51b76412bc1fc7038129,Aave V3,0x5d718a6b1b8545fa922c51b76412bc1fc7038129,0x96ef11bde12e834c6864767ce9eee6225ec281e4,0x89f9680c08e203febb0bff850cc65d075a263c81,0x4200000000000000000000000000000000000006,WETH,3384708741296445,0.003384708741,7.89,0xd9aaec86b65d86f6a7b5b1b0c42ffa531710b6ca,USDbC,c96adc5f87b0a93e384be84f4459a40c,2025-02-26 23:02:58.153,2025-02-26 23:02:58.153
9606429,2024-01-23 09:30:05.000,0x2d8edd51e8a3cb4b9f8d5adcb301893ad3b0a7b68ae31ffa425f2ea429023087,0xa238dd80c259a72e81d7e4664a9801593f98d1c5,LiquidationCall,145,0x01d0cc42,0x32f8c8b40b62a73d514e8be0f58074edba533937,0x5d718a6b1b8545fa922c51b76412bc1fc7038129,Aave V3,0x5d718a6b1b8545fa922c51b76412bc1fc7038129,0xd0cc4255f17017e6e3ef52bc4b2051dbf76fdf28,0x278dae6f8543a646924f5b62af2a891536e9e6f2,0x4200000000000000000000000000000000000006,WETH,11566747453613836,0.01156674745,26.95,0xd9aaec86b65d86f6a7b5b1b0c42ffa531710b6ca,USDbC,54e5fb369ca5f5aeec3d3636c005e9ea,2025-02-26 23:02:58.153,2025-02-26 23:02:58.153
9605276,2024-01-23 08:51:39.000,0xe61d5ac6ff9fc43f0d98f925d56973fa84ed66b232dc308c8131f123e46a3519,0xa238dd80c259a72e81d7e4664a9801593f98d1c5,LiquidationCall,45,0x01c2db32,0x32f8c8b40b62a73d514e8be0f58074edba533937,0x5d718a6b1b8545fa922c51b76412bc1fc7038129,Aave V3,0x5d718a6b1b8545fa922c51b76412bc1fc7038129,0xc2db32c390329569adff7eb7ced583725a9ffb1b,0x278dae6f8543a646924f5b62af2a891536e9e6f2,0x4200000000000000000000000000000000000006,WETH,2709256226478824,0.002709256226,6.35,0xd9aaec86b65d86f6a7b5b1b0c42ffa531710b6ca,USDbC,f11c9ac7f566c38b26c6553edc919528,2025-02-26 23:02:58.153,2025-02-26 23:02:58.153
9605846,2024-01-23 09:10:39.000,0x044fdf5c67a99be56b0bd4bbd61bd217a97ff5a11038b7b9ca38d41569872abb,0xa238dd80c259a72e81d7e4664a9801593f98d1c5,LiquidationCall,49,0x01578dc8,0x32f8c8b40b62a73d514e8be0f58074edba533937,0x5d718a6b1b8545fa922c51b76412bc1fc7038129,Aave V3,0x5d718a6b1b8545fa922c51b76412bc1fc7038129,0x578dc88f458fd79ddbc1ea4419a4dc926b4e0758,0x278dae6f8543a646924f5b62af2a891536e9e6f2,0x4200000000000000000000000000000000000006,WETH,4865808250320720,0.00486580825,11.34,0xd9aaec86b65d86f6a7b5b1b0c42ffa531710b6ca,USDbC,33b7bc73ccd0e6a8f910250e772c4aaa,2025-02-26 23:02:58.153,2025-02-26 23:02:58.153
9606540,2024-01-23 09:33:47.000,0xe7ce9fa9d22b133d1dd01ea248fb2fc4307f621df58bc188889967f1b4772a17,0xa238dd80c259a72e81d7e4664a9801593f98d1c5,LiquidationCall,30,0x017d03a2,0x32f8c8b40b62a73d514e8be0f58074edba533937,0x5d718a6b1b8545fa922c51b76412bc1fc7038129,Aave V3,0x5d718a6b1b8545fa922c51b76412bc1fc7038129,0x7d03a2c1b4281c1fc33e119d5b1eada609e95b2f,0x002c619f0390830e14efea5acec6d9c7093da54b,0x4200000000000000000000000000000000000006,WETH,9609968765873592,0.009609968766,22.39,0xd9aaec86b65d86f6a7b5b1b0c42ffa531710b6ca,USDbC,cbc529d3a6bd6c6a2531e864457377d2,2025-02-26 23:02:58.153,2025-02-26 23:02:58.153
9615105,2024-01-23 14:19:17.000,0x63620633f15d56a12a8114fb508f5acd6cc4b336c390205eb1abc96fa471bee1,0xa238dd80c259a72e81d7e4664a9801593f98d1c5,LiquidationCall,34,0x01a3eb5c,0x32f8c8b40b62a73d514e8be0f58074edba533937,0x5d718a6b1b8545fa922c51b76412bc1fc7038129,Aave V3,0x5d718a6b1b8545fa922c51b76412bc1fc7038129,0xa3eb5ca84b335d31ef7bee7cd8628162aae51135,0x002c619f0390830e14efea5acec6d9c7093da54b,0x4200000000000000000000000000000000000006,WETH,4340868092245788,0.004340868092,9.59,0xd9aaec86b65d86f6a7b5b1b0c42ffa531710b6ca,USDbC,0e2da99f8ea395ae18e6cc75159c08cd,2025-02-26 23:02:58.153,2025-02-26 23:02:58.153
9606306,2024-01-23 09:25:59.000,0x2a03d27d6db588da92d5fe4779119e40e2d07dc6cae17f4b56936025674051b9,0xa238dd80c259a72e81d7e4664a9801593f98d1c5,LiquidationCall,114,0x017eda1a,0x32f8c8b40b62a73d514e8be0f58074edba533937,0x5d718a6b1b8545fa922c51b76412bc1fc7038129,Aave V3,0x5d718a6b1b8545fa922c51b76412bc1fc7038129,0x7eda1a84a68c8b15b96353522aa378ea286f0a71,0x89f9680c08e203febb0bff850cc65d075a263c81,0x4200000000000000000000000000000000000006,WETH,3812653181974076,0.003812653182,8.88,0xd9aaec86b65d86f6a7b5b1b0c42ffa531710b6ca,USDbC,85500af6f4cea905113997e77b28594e,2025-02-26 23:02:58.153,2025-02-26 23:02:58.153
9605815,2024-01-23 09:09:37.000,0x1cd59ce7e86fa7d6a8e83468a905fe73c423857675bd480b4d16ad2b9c804ca9,0xa238dd80c259a72e81d7e4664a9801593f98d1c5,LiquidationCall,43,0x01cfa456,0x32f8c8b40b62a73d514e8be0f58074edba533937,0x5d718a6b1b8545fa922c51b76412bc1fc7038129,Aave V3,0x5d718a6b1b8545fa922c51b76412bc1fc7038129,0xcfa456ad9e3f40f919a8c6bf8532d93d45a2aa2a,0x89f9680c08e203febb0bff850cc65d075a263c81,0x4200000000000000000000000000000000000006,WETH,2389127971182905,0.002389127971,5.57,0xd9aaec86b65d86f6a7b5b1b0c42ffa531710b6ca,USDbC,69c6b5502cc252eab870a6ba0066ae13,2025-02-26 23:02:58.153,2025-02-26 23:02:58.153
9607748,2024-01-23 10:14:03.000,0xf4172e8b4114dc468592c5e6de2284a6aceea9e1fbe9e1d11863e3ee878fb8e0,0xa238dd80c259a72e81d7e4664a9801593f98d1c5,LiquidationCall,41,0x011ac97b,0x32f8c8b40b62a73d514e8be0f58074edba533937,0x5d718a6b1b8545fa922c51b76412bc1fc7038129,Aave V3,0x5d718a6b1b8545fa922c51b76412bc1fc7038129,0x1ac97bd14aeade71fe91e16af5a1b3aa3103c38c,0x48bf8fcd44e2977c8a9a744658431a8e6c0d866c,0x4200000000000000000000000000000000000006,WETH,10113813533880174,0.01011381353,23.54,0xd9aaec86b65d86f6a7b5b1b0c42ffa531710b6ca,USDbC,20a1d2e4e9d24b3da944c0182a4fbb1c,2025-02-26 23:02:58.153,2025-02-26 23:02:58.153
9605228,2024-01-23 08:50:03.000,0x274c9783dc984259b9fbbc6c0c08e3706e171f50ff0cae7045b43a98dc69b309,0xa238dd80c259a72e81d7e4664a9801593f98d1c5,LiquidationCall,68,0x012273ce,0x32f8c8b40b62a73d514e8be0f58074edba533937,0x5d718a6b1b8545fa922c51b76412bc1fc7038129,Aave V3,0x5d718a6b1b8545fa922c51b76412bc1fc7038129,0x2273ceffa420d2614fcd04f352f5788a93a56efe,0x002c619f0390830e14efea5acec6d9c7093da54b,0x4200000000000000000000000000000000000006,WETH,3045296297814044,0.003045296298,7.14,0xd9aaec86b65d86f6a7b5b1b0c42ffa531710b6ca,USDbC,b9680858725f3ca6271888aa6d7269c7,2025-02-26 23:02:58.153,2025-02-26 23:02:58.153
9606489,2024-01-23 09:32:05.000,0xf41fdf31bce6e9c6a638c0667cbb32ac1e9492b83e486a6694d78b187984eb3a,0xa238dd80c259a72e81d7e4664a9801593f98d1c5,LiquidationCall,83,0x012b5e3f,0x32f8c8b40b62a73d514e8be0f58074edba533937,0x5d718a6b1b8545fa922c51b76412bc1fc7038129,Aave V3,0x5d718a6b1b8545fa922c51b76412bc1fc7038129,0x2b5e3f13c4fd03f82c57f2c9dec75e6ac8c39c78,0xd4a0e0b9149bcee3c920d2e00b5de09138fd8bb7,0x4200000000000000000000000000000000000006,WETH,12130187622951916,0.01213018762,28.26,0xd9aaec86b65d86f6a7b5b1b0c42ffa531710b6ca,USDbC,f6bb097f763701ec787a4f2d8e29e2b9,2025-02-26 23:02:58.153,2025-02-26 23:02:58.153
9605520,2024-01-23 08:59:47.000,0x192745f9c53fcbf46735472c908d591b4f62a2beda6711cb475772cd5b0d4d41,0xa238dd80c259a72e81d7e4664a9801593f98d1c5,LiquidationCall,44,0x017132a8,0x32f8c8b40b62a73d514e8be0f58074edba533937,0x5d718a6b1b8545fa922c51b76412bc1fc7038129,Aave V3,0x5d718a6b1b8545fa922c51b76412bc1fc7038129,0x7132a8f29ef740a24c871bf46ca1d2317624aedd,0x002c619f0390830e14efea5acec6d9c7093da54b,0x4200000000000000000000000000000000000006,WETH,3330345485609264,0.003330345486,7.81,0xd9aaec86b65d86f6a7b5b1b0c42ffa531710b6ca,USDbC,d10d6d45ae77b038146c69271548cc4c,2025-02-26 23:02:58.153,2025-02-26 23:02:58.153
9604257,2024-01-23 08:17:41.000,0xab785420e6254dc20252b7317f457c361140a86336da0dda5ef944f0e154e437,0xa238dd80c259a72e81d7e4664a9801593f98d1c5,LiquidationCall,19,0x018d06aa,0x32f8c8b40b62a73d514e8be0f58074edba533937,0x5d718a6b1b8545fa922c51b76412bc1fc7038129,Aave V3,0x5d718a6b1b8545fa922c51b76412bc1fc7038129,0x8d06aa2d16444ca24bc8ac9573fc53b5ab4b59e2,0x278dae6f8543a646924f5b62af2a891536e9e6f2,0x4200000000000000000000000000000000000006,WETH,2794414634741293,0.002794414635,6.55,0xd9aaec86b65d86f6a7b5b1b0c42ffa531710b6ca,USDbC,871719c3fc89c8ce760047a759187771,2025-02-26 23:02:58.153,2025-02-26 23:02:58.153
9606486,2024-01-23 09:31:59.000,0x7a54572d3ef5b7cdb7c55a6e770d2e5eb95ac3f20dc70680c22e3a3b2b5e5108,0xa238dd80c259a72e81d7e4664a9801593f98d1c5,LiquidationCall,92,0x01a980a1,0x32f8c8b40b62a73d514e8be0f58074edba533937,0x5d718a6b1b8545fa922c51b76412bc1fc7038129,Aave V3,0x5d718a6b1b8545fa922c51b76412bc1fc7038129,0xa980a154236d220fca1cb5bcfccde821a5aa7136,0x89f9680c08e203febb0bff850cc65d075a263c81,0x4200000000000000000000000000000000000006,WETH,4369554279339774,0.004369554279,10.18,0xd9aaec86b65d86f6a7b5b1b0c42ffa531710b6ca,USDbC,86f8e4905782c43b861a6d95ae578ba4,2025-02-26 23:02:58.153,2025-02-26 23:02:58.153
9605587,2024-01-23 09:02:01.000,0xd5a05e95cf125ec20e41313c51f11a079ec9e0c37583d18f9d27b0e8b26c7708,0xa238dd80c259a72e81d7e4664a9801593f98d1c5,LiquidationCall,26,0x016db682,0x32f8c8b40b62a73d514e8be0f58074edba533937,0x5d718a6b1b8545fa922c51b76412bc1fc7038129,Aave V3,0x5d718a6b1b8545fa922c51b76412bc1fc7038129,0x6db682fd2d13364ba467ef25df2ed429f3d8309c,0x89f9680c08e203febb0bff850cc65d075a263c81,0x4200000000000000000000000000000000000006,WETH,5709129662466187,0.005709129662,13.3,0xd9aaec86b65d86f6a7b5b1b0c42ffa531710b6ca,USDbC,0a9eb5b5f00a383bdd80104d8ba02489,2025-02-26 23:02:58.153,2025-02-26 23:02:58.153
9671889,2024-01-24 21:52:05.000,0xb91231b9c6eeead3bbf1a44ff153a1b257e0e992ae504326de7d86fe7b72a8fc,0xa238dd80c259a72e81d7e4664a9801593f98d1c5,LiquidationCall,21,0x00a718a9,0x594efbe5a71a10a958d812b4c65f3dfa60922a15,0xa238dd80c259a72e81d7e4664a9801593f98d1c5,Aave V3,0x594efbe5a71a10a958d812b4c65f3dfa60922a15,0xfb0762082ab0f206ab10de93ee3134847b208330,0x89f9680c08e203febb0bff850cc65d075a263c81,0x4200000000000000000000000000000000000006,WETH,2213591341824074,0.002213591342,4.89,0xd9aaec86b65d86f6a7b5b1b0c42ffa531710b6ca,USDbC,4390f58aa80d62b2f17e98416f5339a5,2025-02-26 23:02:58.153,2025-02-26 23:02:58.153
9671903,2024-01-24 21:52:33.000,0x48cc8f04c4a70224579bfaacfced010449f6d4526aa92ffdd089cafe21612067,0xa238dd80c259a72e81d7e4664a9801593f98d1c5,LiquidationCall,61,0x00a718a9,0x594efbe5a71a10a958d812b4c65f3dfa60922a15,0xa238dd80c259a72e81d7e4664a9801593f98d1c5,Aave V3,0x594efbe5a71a10a958d812b4c65f3dfa60922a15,0xb627b31b6efb1abe4babab17162291ffe2164e69,0x278dae6f8543a646924f5b62af2a891536e9e6f2,0x4200000000000000000000000000000000000006,WETH,1938461852829266,0.001938461853,4.29,0xd9aaec86b65d86f6a7b5b1b0c42ffa531710b6ca,USDbC,5bab55fdc050ce3bc0ba952318b71335,2025-02-26 23:02:58.153,2025-02-26 23:02:58.153
9671907,2024-01-24 21:52:41.000,0x7b3ee42832d82e334a36352a28a1ec34fdbed572c21b84a180f707297f7eff6f,0xa238dd80c259a72e81d7e4664a9801593f98d1c5,LiquidationCall,22,0x00a718a9,0x594efbe5a71a10a958d812b4c65f3dfa60922a15,0xa238dd80c259a72e81d7e4664a9801593f98d1c5,Aave V3,0x594efbe5a71a10a958d812b4c65f3dfa60922a15,0x549f263c33e7825209c51941867a08362124f3c1,0x278dae6f8543a646924f5b62af2a891536e9e6f2,0x4200000000000000000000000000000000000006,WETH,1856849431705365,0.001856849432,4.11,0xd9aaec86b65d86f6a7b5b1b0c42ffa531710b6ca,USDbC,38368be3a0d61676d2111ca685105a6c,2025-02-26 23:02:58.153,2025-02-26 23:02:58.153
9833708,2024-01-28 15:46:03.000,0x077526fb1d5f6a30968bc6bde839cd844d72d496784885319e13c26784ef4e78,0xa238dd80c259a72e81d7e4664a9801593f98d1c5,LiquidationCall,19,0x018cf456,0x32f8c8b40b62a73d514e8be0f58074edba533937,0x5d718a6b1b8545fa922c51b76412bc1fc7038129,Aave V3,0x5d718a6b1b8545fa922c51b76412bc1fc7038129,0x8cf45625d448f8d58e28d3c391499896cd921b37,0x89f9680c08e203febb0bff850cc65d075a263c81,0x4200000000000000000000000000000000000006,WETH,10320642968836894,0.01032064297,23.51,0xd9aaec86b65d86f6a7b5b1b0c42ffa531710b6ca,USDbC,0ebf73d97d5ed58c4474fe118557e0b0,2025-02-26 23:02:58.153,2025-02-26 23:02:58.153
10153125,2024-02-05 01:13:17.000,0x290bd97b7cc97cc1c5a6654a4d92a2fc77b9bc23a0325bc926d8157f7e5770fe,0xa238dd80c259a72e81d7e4664a9801593f98d1c5,LiquidationCall,25,0x0187fc26,0x32f8c8b40b62a73d514e8be0f58074edba533937,0x5d718a6b1b8545fa922c51b76412bc1fc7038129,Aave V3,0x5d718a6b1b8545fa922c51b76412bc1fc7038129,0x87fc2610b80defdbbc72da0c4ea431cd02c634fb,0xcf3d55c10db69f28fd1a75bd73f3d8a2d9c595ad,0x2ae3f1ec7f1f5012cfeab0185bfc7aa3cf0dec22,cbETH,4979984150017986,0.00497998415,12.09,0xd9aaec86b65d86f6a7b5b1b0c42ffa531710b6ca,USDbC,b747191b178c4cf1d15333c137bc49c9,2025-02-26 23:02:58.153,2025-02-26 23:02:58.153
10268336,2024-02-07 17:13:39.000,0x74172b8c0f7106830ae96ed6d2bf876fe9d4d006d9ceaf13282e61823c1fefa4,0xa238dd80c259a72e81d7e4664a9801593f98d1c5,LiquidationCall,38,0x016cebae,0x32f8c8b40b62a73d514e8be0f58074edba533937,0x5d718a6b1b8545fa922c51b76412bc1fc7038129,Aave V3,0x5d718a6b1b8545fa922c51b76412bc1fc7038129,0x6cebaed286d7dc8ec18cbdc988ac45d91cf24ad1,0x4e65fe4dba92790696d040ac24aa414708f5c0ab,0x833589fcd6edb6e08f4c7c32d4f71b54bda02913,USDC,12635269,12.635269,12.63,0x4200000000000000000000000000000000000006,WETH,55afcc74cd0bb8a30700d6b6b861c3b8,2025-02-26 23:02:58.153,2025-02-26 23:02:58.153
10345649,2024-02-09 12:10:45.000,0xb8a909ebbebbe5149cc0affce4a34ca26dcfff643c104a20c88eacb720a866f3,0xa238dd80c259a72e81d7e4664a9801593f98d1c5,LiquidationCall,66,0x01b86bfd,0x32f8c8b40b62a73d514e8be0f58074edba533937,0x5d718a6b1b8545fa922c51b76412bc1fc7038129,Aave V3,0x5d718a6b1b8545fa922c51b76412bc1fc7038129,0xb86bfd2409b81790f56398f59f37d602e2d3ece2,0x0a1d576f3efef75b330424287a95a366e8281d54,0xd9aaec86b65d86f6a7b5b1b0c42ffa531710b6ca,USDbC,39519062,39.519062,39.64,0x2ae3f1ec7f1f5012cfeab0185bfc7aa3cf0dec22,cbETH,f96a0b955c7e898b392dbdb92bb83412,2025-02-26 23:02:58.153,2025-02-26 23:02:58.153
10606776,2024-02-15 13:14:59.000,0xcc7c6723ec3435cb3235b53d1750759b9a4ffadcd5c22c635b1fd03a316a1e2c,0xa238dd80c259a72e81d7e4664a9801593f98d1c5,LiquidationCall,64,0x01b0b284,0x32f8c8b40b62a73d514e8be0f58074edba533937,0x5d718a6b1b8545fa922c51b76412bc1fc7038129,Aave V3,0x5d718a6b1b8545fa922c51b76412bc1fc7038129,0xb0b28417f075005a8307a4824235198b0d4a2215,0x560f3f03a9894a2e672ca19fdaa4c3c9407eb4bb,0xd9aaec86b65d86f6a7b5b1b0c42ffa531710b6ca,USDbC,44354697,44.354697,44.39,0x4200000000000000000000000000000000000006,WETH,6de7318d20e2fe186e7fe7a7761e38c0,2025-02-26 23:02:58.153,2025-02-26 23:02:58.153
10595634,2024-02-15 07:03:35.000,0xc2ed9bf8d5103face74674aaf537d9afdb451cca339e999e154bbe3135e38604,0xa238dd80c259a72e81d7e4664a9801593f98d1c5,LiquidationCall,37,0x016cebae,0x32f8c8b40b62a73d514e8be0f58074edba533937,0x5d718a6b1b8545fa922c51b76412bc1fc7038129,Aave V3,0x5d718a6b1b8545fa922c51b76412bc1fc7038129,0x6cebaed286d7dc8ec18cbdc988ac45d91cf24ad1,0x4e65fe4dba92790696d040ac24aa414708f5c0ab,0x833589fcd6edb6e08f4c7c32d4f71b54bda02913,USDC,7277341,7.277341,7.27,0x4200000000000000000000000000000000000006,WETH,de6dc20ea673e1495d189413a1c950be,2025-02-26 23:02:58.153,2025-02-26 23:02:58.153
10695995,2024-02-17 14:48:57.000,0xacff2733efcb526f51f214bf4fae4db061d11f7b96a15ce2464e1f7f51122542,0xa238dd80c259a72e81d7e4664a9801593f98d1c5,LiquidationCall,56,0x012b89ab,0x32f8c8b40b62a73d514e8be0f58074edba533937,0xb7d829107b2bc1e32cc863323d9844eb44fecea4,Aave V3,0xb7d829107b2bc1e32cc863323d9844eb44fecea4,0x2b89ab08684bf3662d841847c9b9c4e24254c78f,0x48bf8fcd44e2977c8a9a744658431a8e6c0d866c,0x4200000000000000000000000000000000000006,WETH,3013931941615955,0.003013931942,8.36,0xd9aaec86b65d86f6a7b5b1b0c42ffa531710b6ca,USDbC,e4113fe01a3b633c950d861bf7abcd79,2025-02-26 23:02:58.153,2025-02-26 23:02:58.153
10695523,2024-02-17 14:33:13.000,0x447221a5287111e8d76cea072faa627e4a05484bb4918d8907fe42e2d3b351d9,0xa238dd80c259a72e81d7e4664a9801593f98d1c5,LiquidationCall,50,0x0111c420,0x32f8c8b40b62a73d514e8be0f58074edba533937,0xb7d829107b2bc1e32cc863323d9844eb44fecea4,Aave V3,0xb7d829107b2bc1e32cc863323d9844eb44fecea4,0x11c420fc4a7c54cf74b443f34b77a5261184b7c7,0x89f9680c08e203febb0bff850cc65d075a263c81,0x4200000000000000000000000000000000000006,WETH,2101428773333954,0.002101428773,5.83,0xd9aaec86b65d86f6a7b5b1b0c42ffa531710b6ca,USDbC,c0a04c592b3bab41b5eed06e65b4843c,2025-02-26 23:02:58.153,2025-02-26 23:02:58.153
10695970,2024-02-17 14:48:07.000,0xd574f26c38735476dfec4cb91fc4a059f2d8fe94456c377cba06b51be113842d,0xa238dd80c259a72e81d7e4664a9801593f98d1c5,LiquidationCall,48,0x018adf5e,0x32f8c8b40b62a73d514e8be0f58074edba533937,0xb7d829107b2bc1e32cc863323d9844eb44fecea4,Aave V3,0xb7d829107b2bc1e32cc863323d9844eb44fecea4,0x8adf5e94047ecec58e29b11b00a32f4e8f09cd04,0x48bf8fcd44e2977c8a9a744658431a8e6c0d866c,0x4200000000000000000000000000000000000006,WETH,13265837819292772,0.01326583782,36.8,0xd9aaec86b65d86f6a7b5b1b0c42ffa531710b6ca,USDbC,18a9053df4357d3882487cebdb04467d,2025-02-26 23:02:58.153,2025-02-26 23:02:58.153
10695549,2024-02-17 14:34:05.000,0x72baca0082c42dba1cfc8acb3bc8073bce24d0ac3e8b637e758563ad649eec61,0xa238dd80c259a72e81d7e4664a9801593f98d1c5,LiquidationCall,70,0x011ce3b7,0x32f8c8b40b62a73d514e8be0f58074edba533937,0xb7d829107b2bc1e32cc863323d9844eb44fecea4,Aave V3,0xb7d829107b2bc1e32cc863323d9844eb44fecea4,0x1ce3b785f288dc2ed235719f6fc974064c3b982a,0x278dae6f8543a646924f5b62af2a891536e9e6f2,0x4200000000000000000000000000000000000006,WETH,11659206921226974,0.01165920692,32.34,0xd9aaec86b65d86f6a7b5b1b0c42ffa531710b6ca,USDbC,2a0482c6ac337e3f7abecdc3bbf173c3,2025-02-26 23:02:58.153,2025-02-26 23:02:58.153
10695936,2024-02-17 14:46:59.000,0xd4f2c0ebf52c5ed9fa7b6edfec8fcdc5e0ad9c636a543a1a970fbdc22fbebdf7,0xa238dd80c259a72e81d7e4664a9801593f98d1c5,LiquidationCall,124,0x012b5e3f,0x32f8c8b40b62a73d514e8be0f58074edba533937,0xb7d829107b2bc1e32cc863323d9844eb44fecea4,Aave V3,0xb7d829107b2bc1e32cc863323d9844eb44fecea4,0x2b5e3f13c4fd03f82c57f2c9dec75e6ac8c39c78,0x48bf8fcd44e2977c8a9a744658431a8e6c0d866c,0x4200000000000000000000000000000000000006,WETH,10673439366708468,0.01067343937,29.61,0xd9aaec86b65d86f6a7b5b1b0c42ffa531710b6ca,USDbC,a785e525822731f1191a1085be25fc8b,2025-02-26 23:02:58.153,2025-02-26 23:02:58.153
10696029,2024-02-17 14:50:05.000,0x0c085982fa10670c79b3acba2b2d77d0095b3169d77e792d4491dd6f2a510a93,0xa238dd80c259a72e81d7e4664a9801593f98d1c5,LiquidationCall,92,0x019a4080,0x32f8c8b40b62a73d514e8be0f58074edba533937,0xb7d829107b2bc1e32cc863323d9844eb44fecea4,Aave V3,0xb7d829107b2bc1e32cc863323d9844eb44fecea4,0x9a4080444d5033bab9ba0567a0277320f45f6a0a,0x002c619f0390830e14efea5acec6d9c7093da54b,0x4200000000000000000000000000000000000006,WETH,2965001156781626,0.002965001157,8.23,0xd9aaec86b65d86f6a7b5b1b0c42ffa531710b6ca,USDbC,d20ae4b54e4a115e966c8af966f75253,2025-02-26 23:02:58.153,2025-02-26 23:02:58.153
10693575,2024-02-17 13:28:17.000,0xf3c473bd2a4fa24d4be28ebfbcd0741607c5e6f8b84811b85251b041ffd3a5be,0xa238dd80c259a72e81d7e4664a9801593f98d1c5,LiquidationCall,42,0x01ab1227,0x32f8c8b40b62a73d514e8be0f58074edba533937,0xb7d829107b2bc1e32cc863323d9844eb44fecea4,Aave V3,0xb7d829107b2bc1e32cc863323d9844eb44fecea4,0xab12275f2d91f87b301a4f01c9af4e83b3f45baa,0x002c619f0390830e14efea5acec6d9c7093da54b,0x4200000000000000000000000000000000000006,WETH,33693101220115116,0.03369310122,93.6,0x4200000000000000000000000000000000000006,WETH,c5fe877953cfb8fd38563eac9ed7d7c3,2025-02-26 23:02:58.153,2025-02-26 23:02:58.153
10826065,2024-02-20 15:04:37.000,0xef8b88f71e8bf568023a9e42f10b06b55f1e007a6611a1162488c96937ee63d3,0xa238dd80c259a72e81d7e4664a9801593f98d1c5,LiquidationCall,47,0x01ab1227,0x32f8c8b40b62a73d514e8be0f58074edba533937,0xb7d829107b2bc1e32cc863323d9844eb44fecea4,Aave V3,0xb7d829107b2bc1e32cc863323d9844eb44fecea4,0xab12275f2d91f87b301a4f01c9af4e83b3f45baa,0x278dae6f8543a646924f5b62af2a891536e9e6f2,0x4200000000000000000000000000000000000006,WETH,23942097806600572,0.02394209781,71.55,0xd9aaec86b65d86f6a7b5b1b0c42ffa531710b6ca,USDbC,8f87dd5b241e71d90d86f9dad1ec7744,2025-02-26 23:02:58.153,2025-02-26 23:02:58.153
10905516,2024-02-22 11:12:59.000,0x27561117265984121a0d1c1b609e4512366b7880a13be7a978ec37876452ca66,0xa238dd80c259a72e81d7e4664a9801593f98d1c5,LiquidationCall,76,0x0110b7cd,0x32f8c8b40b62a73d514e8be0f58074edba533937,0xb7d829107b2bc1e32cc863323d9844eb44fecea4,Aave V3,0xb7d829107b2bc1e32cc863323d9844eb44fecea4,0x10b7cde699496909d25461e6ad66c21c4c4c1110,0x002c619f0390830e14efea5acec6d9c7093da54b,0x4200000000000000000000000000000000000006,WETH,4203151684097382,0.004203151684,12.68,0x833589fcd6edb6e08f4c7c32d4f71b54bda02913,USDC,e9f1bf05dc927afc12848f9476d70b0e,2025-02-26 23:02:58.153,2025-02-26 23:02:58.153
10933982,2024-02-23 03:01:51.000,0xcb660c99fad9384c5244d7e7ce0453973947fa3df2731cfed59eba9c6aed883d,0xa238dd80c259a72e81d7e4664a9801593f98d1c5,LiquidationCall,34,0x0159fe83,0x32f8c8b40b62a73d514e8be0f58074edba533937,0xb7d829107b2bc1e32cc863323d9844eb44fecea4,Aave V3,0xb7d829107b2bc1e32cc863323d9844eb44fecea4,0x59fe83aa40681500ae72dc9072b088df35fc35a1,0x002c619f0390830e14efea5acec6d9c7093da54b,0x4200000000000000000000000000000000000006,WETH,3202426801420556,0.003202426801,9.56,0xd9aaec86b65d86f6a7b5b1b0c42ffa531710b6ca,USDbC,0909328fcc29c5fa8837f64f54748d87,2025-02-26 23:02:58.153,2025-02-26 23:02:58.153
10933923,2024-02-23 02:59:53.000,0x9b13d0037a26b2187e2af375138ba593ae1e9e57f86e9ed19096f550a472accc,0xa238dd80c259a72e81d7e4664a9801593f98d1c5,LiquidationCall,62,0x01801038,0x32f8c8b40b62a73d514e8be0f58074edba533937,0xb7d829107b2bc1e32cc863323d9844eb44fecea4,Aave V3,0xb7d829107b2bc1e32cc863323d9844eb44fecea4,0x8010382a49247cecbd7f2ec13a933554479d4973,0x278dae6f8543a646924f5b62af2a891536e9e6f2,0x4200000000000000000000000000000000000006,WETH,3208408286945517,0.003208408287,9.58,0xd9aaec86b65d86f6a7b5b1b0c42ffa531710b6ca,USDbC,ff7a026372c4362dbeac153d646b0fd2,2025-02-26 23:02:58.153,2025-02-26 23:02:58.153
10933863,2024-02-23 02:57:53.000,0x03cfb547ba07409c506d0233e9acf58bcaf186913f94d846a2d4726bc05f16e3,0xa238dd80c259a72e81d7e4664a9801593f98d1c5,LiquidationCall,15,0x018bc480,0x32f8c8b40b62a73d514e8be0f58074edba533937,0xb7d829107b2bc1e32cc863323d9844eb44fecea4,Aave V3,0xb7d829107b2bc1e32cc863323d9844eb44fecea4,0x8bc4804a3078f570a06e2bda17b5bef562ca66c5,0xd4a0e0b9149bcee3c920d2e00b5de09138fd8bb7,0x4200000000000000000000000000000000000006,WETH,3202382203156979,0.003202382203,9.56,0xd9aaec86b65d86f6a7b5b1b0c42ffa531710b6ca,USDbC,3558150c482231b80cb6b29a3df1e9a2,2025-02-26 23:02:58.153,2025-02-26 23:02:58.153
10933803,2024-02-23 02:55:53.000,0xe1ffc8e3a52c0d4e1dbee43904b35582e492fd6553b527aaae77d04ed4ea98aa,0xa238dd80c259a72e81d7e4664a9801593f98d1c5,LiquidationCall,144,0x01233b4d,0x32f8c8b40b62a73d514e8be0f58074edba533937,0xb7d829107b2bc1e32cc863323d9844eb44fecea4,Aave V3,0xb7d829107b2bc1e32cc863323d9844eb44fecea4,0x233b4d9a797ad8001cccdd23e9e42697e1b0e059,0x278dae6f8543a646924f5b62af2a891536e9e6f2,0x4200000000000000000000000000000000000006,WETH,3199684768867184,0.003199684769,9.55,0xd9aaec86b65d86f6a7b5b1b0c42ffa531710b6ca,USDbC,377b920d4b5b208d7742be607b687080,2025-02-26 23:02:58.153,2025-02-26 23:02:58.153
11088064,2024-02-26 16:37:55.000,0xcd4550c33fdee013ac2515ba20b6df4596ae71e6778f1a9fed18214d624d498b,0xa238dd80c259a72e81d7e4664a9801593f98d1c5,LiquidationCall,40,0x01de96f3,0x32f8c8b40b62a73d514e8be0f58074edba533937,0xb7d829107b2bc1e32cc863323d9844eb44fecea4,Aave V3,0xb7d829107b2bc1e32cc863323d9844eb44fecea4,0xde96f38588b96dbb1c1e85010abf86ed744ad2e6,0x560f3f03a9894a2e672ca19fdaa4c3c9407eb4bb,0xd9aaec86b65d86f6a7b5b1b0c42ffa531710b6ca,USDbC,5271092,5.271092,5.27,0xc1cba3fcea344f92d9239c08c0568f6f2f0ee452,wstETH,1ec430bffa4ff392a6d08a85f81f3c24,2025-02-26 23:02:58.153,2025-02-26 23:02:58.153
11093268,2024-02-26 19:31:23.000,0xd30104d4c42b3f5dfc7ed5be314ab0615b6f5d63b75e7c74e922224dbf68ed0b,0xa238dd80c259a72e81d7e4664a9801593f98d1c5,LiquidationCall,107,0x01984614,0x32f8c8b40b62a73d514e8be0f58074edba533937,0xb7d829107b2bc1e32cc863323d9844eb44fecea4,Aave V3,0xb7d829107b2bc1e32cc863323d9844eb44fecea4,0x984614e6f6e5475780d5b2d625198e35e64b9608,0x0a1d576f3efef75b330424287a95a366e8281d54,0xd9aaec86b65d86f6a7b5b1b0c42ffa531710b6ca,USDbC,12572943,12.572943,12.56,0x4200000000000000000000000000000000000006,WETH,d95aaa9c9137d2ea16342caf855d6f93,2025-02-26 23:02:58.153,2025-02-26 23:02:58.153
11120415,2024-02-27 10:36:17.000,0x35d70c250a3f1361ef5d1b3e1391b08f4ee6d7594bafd080635e97c399d74e89,0xa238dd80c259a72e81d7e4664a9801593f98d1c5,LiquidationCall,40,0x019df058,0x32f8c8b40b62a73d514e8be0f58074edba533937,0xb7d829107b2bc1e32cc863323d9844eb44fecea4,Aave V3,0xb7d829107b2bc1e32cc863323d9844eb44fecea4,0x9df058faea4e5e13f7c9ebf9f2410b0a80e6e9f1,0x0a1d576f3efef75b330424287a95a366e8281d54,0xd9aaec86b65d86f6a7b5b1b0c42ffa531710b6ca,USDbC,5617331,5.617331,5.61,0x4200000000000000000000000000000000000006,WETH,3286db7976a2add1ca7a6df959257186,2025-02-26 23:02:58.153,2025-02-26 23:02:58.153
11106247,2024-02-27 02:44:01.000,0x6d5fff16e51a077096769a01939e52bb105cbb182db2cae0537dd217c9c3afc6,0xa238dd80c259a72e81d7e4664a9801593f98d1c5,LiquidationCall,32,0x01074abb,0x32f8c8b40b62a73d514e8be0f58074edba533937,0xb7d829107b2bc1e32cc863323d9844eb44fecea4,Aave V3,0xb7d829107b2bc1e32cc863323d9844eb44fecea4,0x074abbd4c95a4ec4f0f0d508962978720f109e17,0x0a1d576f3efef75b330424287a95a366e8281d54,0xd9aaec86b65d86f6a7b5b1b0c42ffa531710b6ca,USDbC,17140183,17.140183,17.13,0x4200000000000000000000000000000000000006,WETH,a033d0ccbda1ae3b2204f5c666a92b24,2025-02-26 23:02:58.153,2025-02-26 23:02:58.153
11120785,2024-02-27 10:48:37.000,0x8e4dbf6e48ed4aa1682e747eea94045133af2f0a1bcb03c54ad4e36734dfe3d8,0xa238dd80c259a72e81d7e4664a9801593f98d1c5,LiquidationCall,37,0x01b0b284,0x32f8c8b40b62a73d514e8be0f58074edba533937,0xb7d829107b2bc1e32cc863323d9844eb44fecea4,Aave V3,0xb7d829107b2bc1e32cc863323d9844eb44fecea4,0xb0b28417f075005a8307a4824235198b0d4a2215,0x0a1d576f3efef75b330424287a95a366e8281d54,0xd9aaec86b65d86f6a7b5b1b0c42ffa531710b6ca,USDbC,25788050,25.78805,25.76,0x4200000000000000000000000000000000000006,WETH,83da80f70c931f0d2cd8330655a5b2dc,2025-02-26 23:02:58.153,2025-02-26 23:02:58.153
11119095,2024-02-27 09:52:17.000,0x09afdea0c61673a0528d528376617b333633b218cb09d7ebdc3ff9e691df74bc,0xa238dd80c259a72e81d7e4664a9801593f98d1c5,LiquidationCall,35,0x01499951,0x32f8c8b40b62a73d514e8be0f58074edba533937,0xb7d829107b2bc1e32cc863323d9844eb44fecea4,Aave V3,0xb7d829107b2bc1e32cc863323d9844eb44fecea4,0x4999516930c4012beae8a965460a42dacc82a923,0x0a1d576f3efef75b330424287a95a366e8281d54,0xd9aaec86b65d86f6a7b5b1b0c42ffa531710b6ca,USDbC,14656506,14.656506,14.67,0x4200000000000000000000000000000000000006,WETH,b3851afca3700e6ad5ddfb0dc58a50ef,2025-02-26 23:02:58.153,2025-02-26 23:02:58.153
11120730,2024-02-27 10:46:47.000,0xefa9daebd32580d30a47a44432927a534f1d1b45f708d12d49b20d4120824e8c,0xa238dd80c259a72e81d7e4664a9801593f98d1c5,LiquidationCall,69,0x01578552,0x32f8c8b40b62a73d514e8be0f58074edba533937,0xb7d829107b2bc1e32cc863323d9844eb44fecea4,Aave V3,0xb7d829107b2bc1e32cc863323d9844eb44fecea4,0x5785523d831e155e38e5b94512e62e594e30d97a,0x13a13869b814be8f13b86e9875ab51bda882e391,0xd9aaec86b65d86f6a7b5b1b0c42ffa531710b6ca,USDbC,7751958,7.751958,7.74,0x2ae3f1ec7f1f5012cfeab0185bfc7aa3cf0dec22,cbETH,9f2c37198d58fa958f02008bc9c0cd41,2025-02-26 23:02:58.153,2025-02-26 23:02:58.153
11104778,2024-02-27 01:55:03.000,0x2837afc17a138358e1993deb62da8f804ba848c1436c62f7882afb8aa42cfe3c,0xa238dd80c259a72e81d7e4664a9801593f98d1c5,LiquidationCall,42,0x01064685,0x32f8c8b40b62a73d514e8be0f58074edba533937,0xb7d829107b2bc1e32cc863323d9844eb44fecea4,Aave V3,0xb7d829107b2bc1e32cc863323d9844eb44fecea4,0x06468595853452928db3df2dd2bc892f93cdb202,0x4e65fe4dba92790696d040ac24aa414708f5c0ab,0x833589fcd6edb6e08f4c7c32d4f71b54bda02913,USDC,42255199,42.255199,42.22,0x4200000000000000000000000000000000000006,WETH,02b6bb5789c6e19139456c38c9d4faa5,2025-02-26 23:02:58.153,2025-02-26 23:02:58.153
11105132,2024-02-27 02:06:51.000,0xfcb162f8b55c39f729ea61db28449fc5924e63a5f444ef40d5d56cbf01b34a07,0xa238dd80c259a72e81d7e4664a9801593f98d1c5,LiquidationCall,113,0x013aadfe,0x32f8c8b40b62a73d514e8be0f58074edba533937,0xb7d829107b2bc1e32cc863323d9844eb44fecea4,Aave V3,0xb7d829107b2bc1e32cc863323d9844eb44fecea4,0x3aadfea6ed663aebb83c4a774fcc77a4bb3e7a6a,0x560f3f03a9894a2e672ca19fdaa4c3c9407eb4bb,0xd9aaec86b65d86f6a7b5b1b0c42ffa531710b6ca,USDbC,12575431,12.575431,12.57,0x4200000000000000000000000000000000000006,WETH,5a53ea8998403388e3be876d2731d7d1,2025-02-26 23:02:58.153,2025-02-26 23:02:58.153
11174749,2024-02-28 16:47:25.000,0xb21d552b0241d821fd8042ece61c9deb1af850431bca52508d3afca57f08b891,0xa238dd80c259a72e81d7e4664a9801593f98d1c5,LiquidationCall,60,0x01013cc3,0x32f8c8b40b62a73d514e8be0f58074edba533937,0xb7d829107b2bc1e32cc863323d9844eb44fecea4,Aave V3,0xb7d829107b2bc1e32cc863323d9844eb44fecea4,0x013cc394844aa993d73ca9a08d89dd6d046f3bcc,0x4e65fe4dba92790696d040ac24aa414708f5c0ab,0x833589fcd6edb6e08f4c7c32d4f71b54bda02913,USDC,92828625,92.828625,93.17,0x2ae3f1ec7f1f5012cfeab0185bfc7aa3cf0dec22,cbETH,227923ee67a158d700332775dfc47320,2025-02-26 23:02:58.153,2025-02-26 23:02:58.153
11175805,2024-02-28 17:22:37.000,0x1b35d545283963956009e00657e7bf8faa69891a39f8fffc006e166e9559c518,0xa238dd80c259a72e81d7e4664a9801593f98d1c5,LiquidationCall,21,0x01602b5b,0x32f8c8b40b62a73d514e8be0f58074edba533937,0xb7d829107b2bc1e32cc863323d9844eb44fecea4,Aave V3,0xb7d829107b2bc1e32cc863323d9844eb44fecea4,0x602b5b13f3bd27c4a4984572cab05214971d5a9f,0x4913f832aedb94e3620f0180513426c5202c9dbd,0xd9aaec86b65d86f6a7b5b1b0c42ffa531710b6ca,USDbC,6636243,6.636243,6.64,0x4200000000000000000000000000000000000006,WETH,acdf59bdcedde198377526728ed96d62,2025-02-26 23:02:58.153,2025-02-26 23:02:58.153
11163136,2024-02-28 10:20:19.000,0x61064d0af487198fe65b5260dc5c5107b135187043cb3e2a5dc6903a616f9126,0xa238dd80c259a72e81d7e4664a9801593f98d1c5,LiquidationCall,45,0x01775782,0x32f8c8b40b62a73d514e8be0f58074edba533937,0xb7d829107b2bc1e32cc863323d9844eb44fecea4,Aave V3,0xb7d829107b2bc1e32cc863323d9844eb44fecea4,0x7757829764d4bf87f29bce9d7ae689011623efcb,0x13a13869b814be8f13b86e9875ab51bda882e391,0xd9aaec86b65d86f6a7b5b1b0c42ffa531710b6ca,USDbC,9075288,9.075288,9.15,0x4200000000000000000000000000000000000006,WETH,df2ef5be7a019305c343047cab862c3f,2025-02-26 23:02:58.153,2025-02-26 23:02:58.153
11175274,2024-02-28 17:04:55.000,0x02f261932f6c846a59629484c62176f477b31584a627771858f7212a4f5269d5,0xa238dd80c259a72e81d7e4664a9801593f98d1c5,LiquidationCall,94,0x01e2433f,0x32f8c8b40b62a73d514e8be0f58074edba533937,0xb7d829107b2bc1e32cc863323d9844eb44fecea4,Aave V3,0xb7d829107b2bc1e32cc863323d9844eb44fecea4,0xe2433f9d76b1d289ff726867692948db7c4ef32e,0x89f9680c08e203febb0bff850cc65d075a263c81,0x4200000000000000000000000000000000000006,WETH,8423954842591018,0.008423954843,28.38,0x4200000000000000000000000000000000000006,WETH,86ecadb6c8fb6fe793ce393f412f482a,2025-02-26 23:02:58.153,2025-02-26 23:02:58.153
11170786,2024-02-28 14:35:19.000,0xc919221962ba0a1daae1f34bd98ba2013219c68039d39b341278eec66984c00a,0xa238dd80c259a72e81d7e4664a9801593f98d1c5,LiquidationCall,33,0x01d7dba1,0x32f8c8b40b62a73d514e8be0f58074edba533937,0xb7d829107b2bc1e32cc863323d9844eb44fecea4,Aave V3,0xb7d829107b2bc1e32cc863323d9844eb44fecea4,0xd7dba1c6c92bfde866dc3286da5337e51e0e04c1,0xd4a0e0b9149bcee3c920d2e00b5de09138fd8bb7,0x4200000000000000000000000000000000000006,WETH,1949886813085201,0.001949886813,6.45,0xd9aaec86b65d86f6a7b5b1b0c42ffa531710b6ca,USDbC,4c89a19b1c25a8b85217141cfdda6a08,2025-02-26 23:02:58.153,2025-02-26 23:02:58.153
11176098,2024-02-28 17:32:23.000,0x9d3afe70a34c67d79656bced03d00bfcfb83bdb1b8c91f7a6be7a2ceacbfa1fd,0xa238dd80c259a72e81d7e4664a9801593f98d1c5,LiquidationCall,103,0x,0x21cc31543020066d59e4b5d4eb51100e47f2820d,0xc0580278e18213a971da2958de3087e996c355d6,Aave V3,0xc89c328609ab58e256cd2b5ab4f4af2efb9fca33,0x1070146751d50d8a4ce4e70b48849c5bf60e351f,0xd4a0e0b9149bcee3c920d2e00b5de09138fd8bb7,0x4200000000000000000000000000000000000006,WETH,381112701138606700,0.3811127011,1283.94,0x833589fcd6edb6e08f4c7c32d4f71b54bda02913,USDC,21b8c2d25be928e16c6f6d17e0454b63,2025-02-26 23:02:58.153,2025-02-26 23:02:58.153
11174845,2024-02-28 16:50:37.000,0xeb25a68a5b32795a7edc1b27f747307b97b520a2d4eafb37d39b68682c81ee07,0xa238dd80c259a72e81d7e4664a9801593f98d1c5,LiquidationCall,22,0x0195f013,0x32f8c8b40b62a73d514e8be0f58074edba533937,0xb7d829107b2bc1e32cc863323d9844eb44fecea4,Aave V3,0xb7d829107b2bc1e32cc863323d9844eb44fecea4,0x95f0134dc099c4a6751a27608b07db04fd0d469a,0x4e65fe4dba92790696d040ac24aa414708f5c0ab,0x833589fcd6edb6e08f4c7c32d4f71b54bda02913,USDC,8582121,8.582121,8.61,0x4200000000000000000000000000000000000006,WETH,fd7c29675efdba4fa6e75f1afeeb7b91,2025-02-26 23:02:58.153,2025-02-26 23:02:58.153
11176099,2024-02-28 17:32:25.000,0x2927223945f5df9d4fac2577496efbad8a9aa5b13ddbfa79651b67e2b4f2c0f2,0xa238dd80c259a72e81d7e4664a9801593f98d1c5,LiquidationCall,37,0x2cb5e035,0x07454c4d1d0a71f49926d68804cb6f65f2607723,0xa1aef67c9143c6610f2d14761d3443db8efbaf56,Aave V3,0xa1aef67c9143c6610f2d14761d3443db8efbaf56,0x1cf8423299241f155716eb19d0ca65bea4353f03,0x002c619f0390830e14efea5acec6d9c7093da54b,0x4200000000000000000000000000000000000006,WETH,721752589312186400,0.7217525893,2431.53,0x833589fcd6edb6e08f4c7c32d4f71b54bda02913,USDC,1cfe22131e5299dd22c8ef8493e34dfe,2025-02-26 23:02:58.153,2025-02-26 23:02:58.153
11228492,2024-02-29 22:38:51.000,0x6578efe949cad5e9ba3344e37a783cb255dc872010e24e20e846c5cd47139e46,0xa238dd80c259a72e81d7e4664a9801593f98d1c5,LiquidationCall,55,0x01d81fe8,0x32f8c8b40b62a73d514e8be0f58074edba533937,0xb7d829107b2bc1e32cc863323d9844eb44fecea4,Aave V3,0xb7d829107b2bc1e32cc863323d9844eb44fecea4,0xd81fe8191e6473624de7609f2c610c785012e925,0xd4a0e0b9149bcee3c920d2e00b5de09138fd8bb7,0x4200000000000000000000000000000000000006,WETH,5567593477802550,0.005567593478,18.85,0xd9aaec86b65d86f6a7b5b1b0c42ffa531710b6ca,USDbC,69260d64c1664cad5c60d8ec3b367eb5,2025-02-26 23:02:58.153,2025-02-26 23:02:58.153
11208763,2024-02-29 11:41:13.000,0xd1ed26be55bb11b60d916b7b9d93d0843b4e507e2010c5a8d0c4ebb8ab192d2f,0xa238dd80c259a72e81d7e4664a9801593f98d1c5,LiquidationCall,46,0x01ddd876,0x32f8c8b40b62a73d514e8be0f58074edba533937,0xb7d829107b2bc1e32cc863323d9844eb44fecea4,Aave V3,0xb7d829107b2bc1e32cc863323d9844eb44fecea4,0xddd8768827c08174166d298aa800b543848509de,0x560f3f03a9894a2e672ca19fdaa4c3c9407eb4bb,0xd9aaec86b65d86f6a7b5b1b0c42ffa531710b6ca,USDbC,6495382,6.495382,6.5,0xc1cba3fcea344f92d9239c08c0568f6f2f0ee452,wstETH,0364bc17e9ecf42209b645c2142491d4,2025-02-26 23:02:58.153,2025-02-26 23:02:58.153
11229127,2024-02-29 23:00:01.000,0xd036aa2cf13e6668ffd37130feadc45f087db71b2640916ea8bfbcccd1a24782,0xa238dd80c259a72e81d7e4664a9801593f98d1c5,LiquidationCall,89,0x00000000,0x525b5127a5d1509dff1cc75233021346b62673d2,0xc89c328609ab58e256cd2b5ab4f4af2efb9fca33,Aave V3,0xc89c328609ab58e256cd2b5ab4f4af2efb9fca33,0x3327247d2cc5218b681384c79846cf502b1e5c3e,0x14546f849e837d392b00273ef29302e8508837bc,0x2ae3f1ec7f1f5012cfeab0185bfc7aa3cf0dec22,cbETH,4586773916452833000,4.586773916,16227.71,0x4200000000000000000000000000000000000006,WETH,aa6ec53289d9cee57a3d6d175525e7a5,2025-02-26 23:02:58.153,2025-02-26 23:02:58.153
11228417,2024-02-29 22:36:21.000,0x7d8cbac7b5d8753f27a6a410de9e3fb286181a9a22cb2af6963c87dd63cf0052,0xa238dd80c259a72e81d7e4664a9801593f98d1c5,LiquidationCall,33,0x01ac7378,0x32f8c8b40b62a73d514e8be0f58074edba533937,0xb7d829107b2bc1e32cc863323d9844eb44fecea4,Aave V3,0xb7d829107b2bc1e32cc863323d9844eb44fecea4,0xac73781d5692ae1d4f74659e084119adf5749593,0x48bf8fcd44e2977c8a9a744658431a8e6c0d866c,0x4200000000000000000000000000000000000006,WETH,5448685954002059,0.005448685954,18.44,0xd9aaec86b65d86f6a7b5b1b0c42ffa531710b6ca,USDbC,05fbf39b3c084b52cf7d86e6bcfd51b0,2025-02-26 23:02:58.153,2025-02-26 23:02:58.153
11217746,2024-02-29 16:40:39.000,0xb06bb6ec8c36cc48ff10a4148735fe0c7f4f2e129097033494dcfdd866b4272a,0xa238dd80c259a72e81d7e4664a9801593f98d1c5,LiquidationCall,75,0x01d9ed5b,0x32f8c8b40b62a73d514e8be0f58074edba533937,0xb7d829107b2bc1e32cc863323d9844eb44fecea4,Aave V3,0xb7d829107b2bc1e32cc863323d9844eb44fecea4,0xd9ed5b033dcd029599c9e6a56be6fde71acbb956,0xd4a0e0b9149bcee3c920d2e00b5de09138fd8bb7,0x4200000000000000000000000000000000000006,WETH,3821565374596273,0.003821565375,13.22,0x833589fcd6edb6e08f4c7c32d4f71b54bda02913,USDC,ad28eacbf1995bb1990e9b66fee9aa6c,2025-02-26 23:02:58.153,2025-02-26 23:02:58.153
11208501,2024-02-29 11:32:29.000,0x4ddfd7e346158321aa4ecfbb3d5da62b70def3ed68c985be99f3695b4a3935af,0xa238dd80c259a72e81d7e4664a9801593f98d1c5,LiquidationCall,59,0x01a687ec,0x32f8c8b40b62a73d514e8be0f58074edba533937,0xb7d829107b2bc1e32cc863323d9844eb44fecea4,Aave V3,0xb7d829107b2bc1e32cc863323d9844eb44fecea4,0xa687ece1f9ae667cd876bf97817405dfe43da063,0x002c619f0390830e14efea5acec6d9c7093da54b,0x4200000000000000000000000000000000000006,WETH,18004568128652148,0.01800456813,62.51,0x2ae3f1ec7f1f5012cfeab0185bfc7aa3cf0dec22,cbETH,8a833c732911ab5ded4ab12121f7764a,2025-02-26 23:02:58.153,2025-02-26 23:02:58.153
11226581,2024-02-29 21:35:09.000,0x633a54050917b8a260cc3dcef8bdd0b54ff41736ea51a73839d20ee602a4b8ab,0xa238dd80c259a72e81d7e4664a9801593f98d1c5,LiquidationCall,33,0x012a4e85,0x32f8c8b40b62a73d514e8be0f58074edba533937,0xb7d829107b2bc1e32cc863323d9844eb44fecea4,Aave V3,0xb7d829107b2bc1e32cc863323d9844eb44fecea4,0x2a4e8544fb2661f6811f4832a5bf2cfeaef0a40d,0x89f9680c08e203febb0bff850cc65d075a263c81,0x4200000000000000000000000000000000000006,WETH,10318324300706138,0.0103183243,35.04,0xd9aaec86b65d86f6a7b5b1b0c42ffa531710b6ca,USDbC,76f5ac3de58d10fd2c51217fd847bd29,2025-02-26 23:02:58.153,2025-02-26 23:02:58.153
﻿